latitude,longitude,csv_elevation_m,gedtm30_m,cop30_m,csv_minus_gedtm30_m,on_land_in_app_box
13.99999,80.0,-72.8,,,,False
13.99999,80.02,-74.9,,,,False
13.99999,80.04,-80.3,,,,False
13.99999,80.06,-78.6,,,,False
13.99999,80.08,-79.2,,,,False
13.99999,80.1,-83.1,,,,False
13.99999,80.12,-83.8,,,,False
13.99999,80.14,-86.4,,,,False
13.99999,80.16,-87.3,,,,False
13.99999,80.18,-204.6,,,,False
13.99999,80.24,-309.5,,,,False
13.99999,80.26,-258.0,,,,False
13.99999,80.28,-260.1,,,,False
13.99999,80.3,-255.0,,,,False
13.99999,80.32,-188.1,,,,False
13.99999,80.34,-130.2,,,,False
13.97999,80.0,-73.3,,,,False
13.97999,80.02,-77.9,,,,False
13.97999,80.04,-79.4,,,,False
13.97999,80.06,-79.8,,,,False
13.97999,80.08,-81.4,,,,False
13.97999,80.1,-83.4,,,,False
13.97999,80.12,-82.9,,,,False
13.97999,80.14,-85.9,,,,False
13.97999,80.16,-86.6,,,,False
13.97999,80.18,-385.8,,,,False
13.97999,80.26,-343.8,,,,False
13.97999,80.28,-276.2,,,,False
13.97999,80.3,-249.8,,,,False
13.97999,80.32,-157.2,,,,False
13.97999,80.34,-27.6,,,,False
13.95999,80.0,-70.0,,,,False
13.95999,80.02,-74.5,,,,False
13.95999,80.04,-76.2,,,,False
13.95999,80.06,-79.8,,,,False
13.95999,80.08,-82.7,,,,False
13.95999,80.1,-84.6,,,,False
13.95999,80.12,-84.1,,,,False
13.95999,80.14,-86.0,,,,False
13.95999,80.16,-87.7,,,,False
13.95999,80.18,-84.2,,,,False
13.95999,80.2,-363.8,,,,False
13.95999,80.26,-366.7,,,,False
13.95999,80.28,-298.2,,,,False
13.95999,80.3,-306.6,,,,False
13.95999,80.32,-299.7,,,,False
13.95999,80.34,-304.2,,,,False
13.95999,80.36,-372.7,,,,False
13.95999,80.38,-398.1,,,,False
13.93999,80.0,-63.3,,,,False
13.93999,80.02,-74.8,,,,False
13.93999,80.04,-77.1,,,,False
13.93999,80.06,-80.1,,,,False
13.93999,80.08,-81.3,,,,False
13.93999,80.1,-85.7,,,,False
13.93999,80.12,-84.5,,,,False
13.93999,80.14,-84.7,,,,False
13.93999,80.16,-87.5,,,,False
13.93999,80.18,-86.3,,,,False
13.93999,80.2,-149.2,,,,False
13.93999,80.22,-222.8,,,,False
13.93999,80.26,-354.8,,,,False
13.93999,80.28,-266.3,,,,False
13.93999,80.3,-376.1,,,,False
13.93999,80.36,-389.8,,,,False
13.91999,80.0,-60.5,,,,False
13.91999,80.02,-72.2,,,,False
13.91999,80.04,-76.7,,,,False
13.91999,80.06,-81.6,,,,False
13.91999,80.08,-83.7,,,,False
13.91999,80.1,-84.5,,,,False
13.91999,80.12,-85.7,,,,False
13.91999,80.14,-87.4,,,,False
13.91999,80.16,-87.2,,,,False
13.91999,80.18,-85.7,,,,False
13.91999,80.2,-134.3,,,,False
13.91999,80.22,-141.2,,,,False
13.91999,80.24,-346.0,,,,False
13.91999,80.26,-266.5,,,,False
13.91999,80.28,-43.2,,,,False
13.91999,80.36,-383.8,,,,False
13.89999,80.0,-62.4,,,,False
13.89999,80.02,-68.4,,,,False
13.89999,80.04,-75.4,,,,False
13.89999,80.06,-80.7,,,,False
13.89999,80.08,-85.4,,,,False
13.89999,80.1,-86.9,,,,False
13.89999,80.12,-86.5,,,,False
13.89999,80.14,-86.8,,,,False
13.89999,80.16,-87.1,,,,False
13.89999,80.18,-87.5,,,,False
13.89999,80.2,-84.5,,,,False
13.89999,80.22,-68.4,,,,False
13.89999,80.24,-236.8,,,,False
13.89999,80.26,-209.5,,,,False
13.89999,80.28,-226.4,,,,False
13.89999,80.3,-294.1,,,,False
13.89999,80.32,-306.7,,,,False
13.89999,80.36,-327.4,,,,False
13.87999,80.0,-63.2,,,,False
13.87999,80.02,-74.4,,,,False
13.87999,80.04,-78.5,,,,False
13.87999,80.06,-83.6,,,,False
13.87999,80.08,-86.9,,,,False
13.87999,80.1,-86.1,,,,False
13.87999,80.12,-85.5,,,,False
13.87999,80.14,-87.3,,,,False
13.87999,80.16,-86.3,,,,False
13.87999,80.18,-84.4,,,,False
13.87999,80.2,-83.0,,,,False
13.87999,80.22,-95.3,,,,False
13.87999,80.24,12.4,,,,False
13.87999,80.26,-0.4,,,,False
13.87999,80.28,-3.0,,,,False
13.87999,80.3,-57.5,,,,False
13.87999,80.32,2.9,,,,False
13.87999,80.34,-140.8,,,,False
13.87999,80.36,-372.4,,,,False
13.85999,80.0,-75.2,,,,False
13.85999,80.02,-72.4,,,,False
13.85999,80.04,-80.7,,,,False
13.85999,80.06,-87.3,,,,False
13.85999,80.08,-87.7,,,,False
13.85999,80.1,-84.9,,,,False
13.85999,80.12,-85.9,,,,False
13.85999,80.14,-93.3,,,,False
13.85999,80.16,-85.7,,,,False
13.85999,80.18,-87.0,,,,False
13.85999,80.2,-87.0,,,,False
13.85999,80.22,-86.2,,,,False
13.85999,80.24,-68.0,,,,False
13.85999,80.26,-26.3,,,,False
13.85999,80.28,-148.8,,,,False
13.85999,80.3,-32.5,,,,False
13.85999,80.32,-69.4,,,,False
13.85999,80.34,-111.3,,,,False
13.85999,80.36,-399.2,,,,False
13.83999,80.0,-73.2,,,,False
13.83999,80.02,-83.1,,,,False
13.83999,80.04,-84.4,,,,False
13.83999,80.06,-85.9,,,,False
13.83999,80.08,-86.9,,,,False
13.83999,80.1,-87.1,,,,False
13.83999,80.12,-87.5,,,,False
13.83999,80.14,-87.1,,,,False
13.83999,80.16,-85.9,,,,False
13.83999,80.18,-87.6,,,,False
13.83999,80.2,-87.4,,,,False
13.83999,80.22,-85.8,,,,False
13.83999,80.24,-148.9,,,,False
13.83999,80.26,-147.0,,,,False
13.83999,80.28,-61.8,,,,False
13.83999,80.3,-95.1,,,,False
13.83999,80.32,96.4,,,,False
13.83999,80.34,-201.2,,,,False
13.81999,80.0,-64.3,,,,False
13.81999,80.02,-79.1,,,,False
13.81999,80.04,-85.6,,,,False
13.81999,80.06,-86.3,,,,False
13.81999,80.08,-86.1,,,,False
13.81999,80.1,-87.1,,,,False
13.81999,80.12,-87.3,,,,False
13.81999,80.14,-89.1,,,,False
13.81999,80.16,-86.9,,,,False
13.81999,80.18,-90.1,,,,False
13.81999,80.2,-87.5,,,,False
13.81999,80.22,-87.2,,,,False
13.81999,80.24,-87.1,,,,False
13.81999,80.26,-112.3,,,,False
13.81999,80.28,-124.4,,,,False
13.81999,80.3,-278.7,,,,False
13.81999,80.34,-195.2,,,,False
13.81999,80.36,-335.1,,,,False
13.79999,80.0,-64.5,,,,False
13.79999,80.02,-80.0,,,,False
13.79999,80.04,-85.2,,,,False
13.79999,80.06,-87.0,,,,False
13.79999,80.08,-85.9,,,,False
13.79999,80.1,-87.3,,,,False
13.79999,80.12,-86.8,,,,False
13.79999,80.14,-87.1,,,,False
13.79999,80.16,-87.1,,,,False
13.79999,80.18,-95.7,,,,False
13.79999,80.2,-85.9,,,,False
13.79999,80.22,-84.7,,,,False
13.79999,80.24,-83.6,,,,False
13.79999,80.26,-180.8,,,,False
13.79999,80.28,-261.8,,,,False
13.79999,80.3,145.2,,,,False
13.79999,80.34,-214.7,,,,False
13.79999,80.36,-149.2,,,,False
13.77999,80.0,-65.3,,,,False
13.77999,80.02,-81.7,,,,False
13.77999,80.04,-87.1,,,,False
13.77999,80.06,-86.7,,,,False
13.77999,80.08,-86.8,,,,False
13.77999,80.1,-92.3,,,,False
13.77999,80.12,-87.6,,,,False
13.77999,80.14,-86.3,,,,False
13.77999,80.16,-87.9,,,,False
13.77999,80.18,-90.2,,,,False
13.77999,80.2,-82.7,,,,False
13.77999,80.22,-81.5,,,,False
13.77999,80.24,-86.0,,,,False
13.77999,80.26,-60.3,,,,False
13.77999,80.28,-63.9,,,,False
13.77999,80.3,202.8,,,,False
13.77999,80.32,-375.4,,,,False
13.77999,80.34,-394.2,,,,False
13.77999,80.36,-352.2,,,,False
13.75999,80.0,-73.3,,,,False
13.75999,80.02,-81.2,,,,False
13.75999,80.04,-85.4,,,,False
13.75999,80.06,-87.6,,,,False
13.75999,80.08,-85.4,,,,False
13.75999,80.1,-89.4,,,,False
13.75999,80.12,-87.6,,,,False
13.75999,80.14,-88.2,,,,False
13.75999,80.16,-89.9,,,,False
13.75999,80.18,-88.4,,,,False
13.75999,80.2,-77.3,,,,False
13.75999,80.22,-84.8,,,,False
13.75999,80.24,-84.9,,,,False
13.75999,80.26,-59.3,,,,False
13.75999,80.28,-243.4,,,,False
13.75999,80.3,-382.8,,,,False
13.73999,80.0,-81.0,,,,False
13.73999,80.02,-80.2,,,,False
13.73999,80.04,-86.2,,,,False
13.73999,80.06,-87.7,,,,False
13.73999,80.08,-88.4,,,,False
13.73999,80.1,-89.0,,,,False
13.73999,80.12,-88.4,,,,False
13.73999,80.14,-88.1,,,,False
13.73999,80.16,-94.8,,,,False
13.73999,80.18,-84.4,,,,False
13.73999,80.2,-77.9,,,,False
13.73999,80.22,-84.6,,,,False
13.73999,80.24,-85.9,,,,False
13.73999,80.26,-230.4,,,,False
13.73999,80.28,-259.8,,,,False
13.71999,80.0,-86.5,,,,False
13.71999,80.02,-87.0,,,,False
13.71999,80.04,-86.6,,,,False
13.71999,80.06,-89.0,,,,False
13.71999,80.08,-87.2,,,,False
13.71999,80.1,-88.9,,,,False
13.71999,80.12,-88.6,,,,False
13.71999,80.14,-87.8,,,,False
13.71999,80.16,-88.0,,,,False
13.71999,80.18,-84.6,,,,False
13.71999,80.2,-84.0,,,,False
13.71999,80.22,-84.7,,,,False
13.71999,80.24,-124.4,,,,False
13.71999,80.26,-319.7,,,,False
13.69999,80.0,-84.8,,,,False
13.69999,80.02,-77.7,,,,False
13.69999,80.04,-87.4,,,,False
13.69999,80.06,-88.9,,,,False
13.69999,80.08,-87.7,,,,False
13.69999,80.1,-89.8,,,,False
13.69999,80.12,-89.1,,,,False
13.69999,80.14,-90.2,,,,False
13.69999,80.16,-90.5,,,,False
13.69999,80.18,-85.3,,,,False
13.69999,80.2,-83.6,,,,False
13.69999,80.22,-87.6,,,,False
13.69999,80.24,-246.0,,,,False
13.69999,80.26,-257.4,,,,False
13.69999,80.28,-363.5,,,,False
13.67999,80.0,-85.5,,,,False
13.67999,80.02,-85.7,,,,False
13.67999,80.04,-87.8,,,,False
13.67999,80.06,-88.2,,,,False
13.67999,80.08,-89.8,,,,False
13.67999,80.1,-89.7,,,,False
13.67999,80.12,-90.2,,,,False
13.67999,80.14,-89.4,,,,False
13.67999,80.16,-89.6,,,,False
13.67999,80.18,-89.3,,,,False
13.67999,80.2,-84.3,,,,False
13.67999,80.22,-87.5,,,,False
13.67999,80.24,-152.3,,,,False
13.67999,80.26,-286.4,,,,False
13.67999,80.28,-240.2,,,,False
13.67999,80.3,-345.1,,,,False
13.65999,80.0,-79.5,,,,False
13.65999,80.02,-88.4,,,,False
13.65999,80.04,-88.6,,,,False
13.65999,80.06,-88.0,,,,False
13.65999,80.08,-88.1,,,,False
13.65999,80.1,-90.3,,,,False
13.65999,80.12,-95.6,,,,False
13.65999,80.14,-86.9,,,,False
13.65999,80.16,-93.3,,,,False
13.65999,80.18,-89.7,,,,False
13.65999,80.2,-86.9,,,,False
13.65999,80.22,-86.2,,,,False
13.65999,80.24,-121.0,,,,False
13.65999,80.26,-345.4,,,,False
13.65999,80.3,-332.5,,,,False
13.63999,80.0,-80.4,,,,False
13.63999,80.02,-84.8,,,,False
13.63999,80.04,-88.4,,,,False
13.63999,80.06,-89.2,,,,False
13.63999,80.08,-92.0,,,,False
13.63999,80.1,-90.1,,,,False
13.63999,80.12,-87.6,,,,False
13.63999,80.14,-88.8,,,,False
13.63999,80.16,-90.4,,,,False
13.63999,80.18,-101.8,,,,False
13.63999,80.2,-87.3,,,,False
13.63999,80.22,-86.1,,,,False
13.63999,80.24,-124.4,,,,False
13.63999,80.26,-294.4,,,,False
13.63999,80.3,-303.5,,,,False
13.63999,80.34,-40.2,,,,False
13.63999,80.36,440.3,,,,False
13.63999,80.38,521.9,,,,False
13.63999,80.4,577.8,,,,False
13.63999,80.42,679.4,,,,False
13.63999,80.44,185.8,,,,False
13.61999,80.0,-77.5,,,,False
13.61999,80.02,-87.8,,,,False
13.61999,80.04,-91.1,,,,False
13.61999,80.06,-89.5,,,,False
13.61999,80.08,-115.9,,,,False
13.61999,80.1,-109.3,,,,False
13.61999,80.12,-90.6,,,,False
13.61999,80.14,-89.0,,,,False
13.61999,80.16,-114.8,,,,False
13.61999,80.18,-101.6,,,,False
13.61999,80.2,-129.4,,,,False
13.61999,80.22,-89.4,,,,False
13.61999,80.24,-89.2,,,,False
13.61999,80.26,-85.0,,,,False
13.61999,80.28,-354.5,,,,False
13.61999,80.3,-79.2,,,,False
13.61999,80.32,-209.8,,,,False
13.61999,80.34,165.1,,,,False
13.61999,80.36,457.1,,,,False
13.61999,80.38,630.5,,,,False
13.61999,80.4,805.9,,,,False
13.61999,80.42,817.3,,,,False
13.61999,80.44,353.9,,,,False
13.61999,80.46,-292.9,,,,False
13.61999,80.48,661.0,,,,False
13.61999,80.5,978.9,,,,False
13.61999,80.52,936.3,,,,False
13.59999,80.0,-73.1,,,,False
13.59999,80.02,-86.9,,,,False
13.59999,80.04,-90.0,,,,False
13.59999,80.06,-90.4,,,,False
13.59999,80.08,-94.3,,,,False
13.59999,80.1,-94.8,,,,False
13.59999,80.12,-91.9,,,,False
13.59999,80.14,-89.2,,,,False
13.59999,80.16,-89.6,,,,False
13.59999,80.18,-103.0,,,,False
13.59999,80.2,-139.3,,,,False
13.59999,80.22,-141.7,,,,False
13.59999,80.24,-87.8,,,,False
13.59999,80.26,-88.0,,,,False
13.59999,80.28,-109.0,,,,False
13.59999,80.3,-240.0,,,,False
13.59999,80.32,214.2,,,,False
13.59999,80.34,326.3,,,,False
13.59999,80.36,596.4,,,,False
13.59999,80.38,689.2,,,,False
13.59999,80.4,801.9,,,,False
13.59999,80.42,741.1,,,,False
13.59999,80.44,522.0,,,,False
13.59999,80.46,-97.9,,,,False
13.59999,80.48,976.3,,,,False
13.59999,80.5,628.1,,,,False
13.59999,80.52,628.9,,,,False
13.59999,80.54,799.7,,,,False
13.57999,80.0,-81.8,,,,False
13.57999,80.02,-80.2,,,,False
13.57999,80.04,-77.7,,,,False
13.57999,80.06,-94.9,,,,False
13.57999,80.08,-162.1,,,,False
13.57999,80.1,-149.9,,,,False
13.57999,80.12,-130.6,,,,False
13.57999,80.14,-87.6,,,,False
13.57999,80.16,-89.7,,,,False
13.57999,80.18,-137.3,,,,False
13.57999,80.2,-185.0,,,,False
13.57999,80.22,-165.4,,,,False
13.57999,80.24,-101.9,,,,False
13.57999,80.26,-87.8,,,,False
13.57999,80.28,-77.1,,,,False
13.57999,80.3,-336.3,,,,False
13.57999,80.32,376.4,,,,False
13.57999,80.34,562.2,,,,False
13.57999,80.36,437.3,,,,False
13.57999,80.38,803.1,,,,False
13.57999,80.4,54.2,,,,False
13.57999,80.42,-100.8,,,,False
13.57999,80.44,-180.3,,,,False
13.57999,80.46,-393.0,,,,False
13.57999,80.48,792.2,,,,False
13.57999,80.5,819.8,,,,False
13.57999,80.52,763.0,,,,False
13.55999,80.0,-75.1,,,,False
13.55999,80.02,-79.4,,,,False
13.55999,80.04,-75.3,,,,False
13.55999,80.06,-83.7,,,,False
13.55999,80.08,-95.7,,,,False
13.55999,80.1,-102.6,,,,False
13.55999,80.12,-75.7,,,,False
13.55999,80.14,-89.0,,,,False
13.55999,80.16,-94.7,,,,False
13.55999,80.18,-89.6,,,,False
13.55999,80.2,-110.5,,,,False
13.55999,80.22,-210.1,,,,False
13.55999,80.24,-107.8,,,,False
13.55999,80.26,-83.5,,,,False
13.55999,80.28,-118.3,,,,False
13.55999,80.3,12.0,,,,False
13.55999,80.32,391.9,,,,False
13.55999,80.34,534.8,,,,False
13.55999,80.36,692.3,,,,False
13.55999,80.38,776.7,,,,False
13.55999,80.4,-200.4,,,,False
13.55999,80.42,-108.3,,,,False
13.55999,80.44,-307.7,,,,False
13.55999,80.46,-292.6,,,,False
13.55999,80.48,-137.6,,,,False
13.55999,80.5,910.6,,,,False
13.55999,80.52,940.4,,,,False
13.53999,80.0,-67.1,,,,False
13.53999,80.02,-78.1,,,,False
13.53999,80.04,-68.0,,,,False
13.53999,80.06,-80.5,,,,False
13.53999,80.08,-85.5,,,,False
13.53999,80.1,-99.6,,,,False
13.53999,80.12,-104.8,,,,False
13.53999,80.14,-95.6,,,,False
13.53999,80.16,-147.4,,,,False
13.53999,80.18,-106.7,,,,False
13.53999,80.2,-121.5,,,,False
13.53999,80.22,-201.3,,,,False
13.53999,80.24,-92.9,,,,False
13.53999,80.26,-88.9,,,,False
13.53999,80.28,-80.4,,,,False
13.53999,80.3,28.6,,,,False
13.53999,80.32,470.4,,,,False
13.53999,80.34,548.9,,,,False
13.53999,80.36,598.7,,,,False
13.53999,80.38,750.1,,,,False
13.53999,80.4,-278.9,,,,False
13.53999,80.42,-151.0,,,,False
13.53999,80.44,25.9,,,,False
13.53999,80.46,-266.4,,,,False
13.53999,80.48,-56.7,,,,False
13.53999,80.5,902.0,,,,False
13.53999,80.52,981.7,,,,False
13.51999,80.0,-71.0,,,,False
13.51999,80.02,-69.8,,,,False
13.51999,80.04,-64.9,,,,False
13.51999,80.06,-76.1,,,,False
13.51999,80.08,-82.0,,,,False
13.51999,80.1,-91.1,,,,False
13.51999,80.12,-89.9,,,,False
13.51999,80.14,-86.4,,,,False
13.51999,80.16,-130.1,,,,False
13.51999,80.18,-97.5,,,,False
13.51999,80.2,-104.4,,,,False
13.51999,80.22,-126.9,,,,False
13.51999,80.24,-97.8,,,,False
13.51999,80.26,-91.6,,,,False
13.51999,80.28,-87.5,,,,False
13.51999,80.3,149.9,,,,False
13.51999,80.32,-100.0,,,,False
13.51999,80.34,112.7,,,,False
13.51999,80.36,785.1,,,,False
13.51999,80.38,931.5,,,,False
13.51999,80.4,-274.0,,,,False
13.51999,80.42,-327.7,,,,False
13.51999,80.44,-154.5,,,,False
13.51999,80.48,-272.9,,,,False
13.51999,80.5,1045.0,,,,False
13.51999,80.52,1055.7,,,,False
13.49999,80.0,-66.5,,,,False
13.49999,80.02,-75.9,,,,False
13.49999,80.04,-77.8,,,,False
13.49999,80.06,-82.0,,,,False
13.49999,80.08,-87.7,,,,False
13.49999,80.1,-91.0,,,,False
13.49999,80.12,-88.8,,,,False
13.49999,80.14,-90.9,,,,False
13.49999,80.16,-119.3,,,,False
13.49999,80.18,-90.9,,,,False
13.49999,80.2,-97.2,,,,False
13.49999,80.22,-88.2,,,,False
13.49999,80.24,-87.8,,,,False
13.49999,80.26,-93.8,,,,False
13.49999,80.28,-87.5,,,,False
13.49999,80.3,-135.6,,,,False
13.49999,80.32,-277.6,,,,False
13.49999,80.34,296.1,,,,False
13.49999,80.36,373.6,,,,False
13.49999,80.38,417.4,,,,False
13.49999,80.4,-279.3,,,,False
13.49999,80.42,-234.0,,,,False
13.49999,80.44,-308.4,,,,False
13.49999,80.46,-236.3,,,,False
13.49999,80.48,-221.1,,,,False
13.49999,80.5,964.5,,,,False
13.49999,80.52,1004.5,,,,False
13.47999,80.0,-58.7,,,,False
13.47999,80.02,-69.4,,,,False
13.47999,80.04,-77.5,,,,False
13.47999,80.06,-83.5,,,,False
13.47999,80.08,-84.8,,,,False
13.47999,80.1,-90.3,,,,False
13.47999,80.12,-85.5,,,,False
13.47999,80.14,-88.4,,,,False
13.47999,80.16,-87.9,,,,False
13.47999,80.18,-89.2,,,,False
13.47999,80.2,-88.8,,,,False
13.47999,80.22,-89.0,,,,False
13.47999,80.24,-90.0,,,,False
13.47999,80.26,-86.1,,,,False
13.47999,80.28,-89.9,,,,False
13.47999,80.3,-97.1,,,,False
13.47999,80.32,-135.9,,,,False
13.47999,80.34,611.4,,,,False
13.47999,80.36,487.0,,,,False
13.47999,80.38,-250.1,,,,False
13.47999,80.4,-380.1,,,,False
13.47999,80.42,-229.0,,,,False
13.47999,80.44,-274.3,,,,False
13.47999,80.46,-293.5,,,,False
13.47999,80.48,-145.7,,,,False
13.47999,80.5,768.5,,,,False
13.45999,80.0,-69.2,,,,False
13.45999,80.02,-77.6,,,,False
13.45999,80.04,-80.0,,,,False
13.45999,80.06,-86.6,,,,False
13.45999,80.08,-89.2,,,,False
13.45999,80.1,-86.3,,,,False
13.45999,80.12,-80.2,,,,False
13.45999,80.14,-83.1,,,,False
13.45999,80.16,-85.6,,,,False
13.45999,80.18,-87.1,,,,False
13.45999,80.2,-87.6,,,,False
13.45999,80.22,-89.2,,,,False
13.45999,80.24,-89.1,,,,False
13.45999,80.26,-88.2,,,,False
13.45999,80.28,-94.2,,,,False
13.45999,80.3,-90.9,,,,False
13.45999,80.32,-91.7,,,,False
13.45999,80.34,674.2,,,,False
13.45999,80.36,561.7,,,,False
13.45999,80.38,-76.0,,,,False
13.45999,80.42,-275.9,,,,False
13.45999,80.44,-261.6,,,,False
13.45999,80.46,-327.5,,,,False
13.45999,80.48,-361.4,,,,False
13.45999,80.5,1107.0,,,,False
13.43999,80.0,-61.1,,,,False
13.43999,80.02,-62.3,,,,False
13.43999,80.04,-74.8,,,,False
13.43999,80.06,-75.4,,,,False
13.43999,80.08,-74.3,,,,False
13.43999,80.1,-84.7,,,,False
13.43999,80.12,-77.8,,,,False
13.43999,80.14,-78.8,,,,False
13.43999,80.16,-83.4,,,,False
13.43999,80.18,-85.7,,,,False
13.43999,80.2,-86.7,,,,False
13.43999,80.22,-88.5,,,,False
13.43999,80.24,-89.2,,,,False
13.43999,80.26,-90.0,,,,False
13.43999,80.28,-91.8,,,,False
13.43999,80.3,-92.2,,,,False
13.43999,80.32,-92.1,,,,False
13.43999,80.34,-158.9,,,,False
13.43999,80.36,664.5,,,,False
13.43999,80.38,23.8,,,,False
13.43999,80.4,-397.4,,,,False
13.43999,80.42,-331.8,,,,False
13.43999,80.44,-276.6,,,,False
13.43999,80.46,-273.8,,,,False
13.43999,80.48,1080.5,,,,False
13.43999,80.5,284.9,,,,False
13.41999,80.0,-56.8,,,,False
13.41999,80.02,-66.3,,,,False
13.41999,80.04,-72.8,,,,False
13.41999,80.06,-74.3,,,,False
13.41999,80.08,-78.4,,,,False
13.41999,80.1,-73.8,,,,False
13.41999,80.12,-77.9,,,,False
13.41999,80.14,-80.6,,,,False
13.41999,80.16,-84.7,,,,False
13.41999,80.18,-85.6,,,,False
13.41999,80.2,-86.7,,,,False
13.41999,80.22,-87.2,,,,False
13.41999,80.24,-89.6,,,,False
13.41999,80.26,-91.1,,,,False
13.41999,80.28,-88.7,,,,False
13.41999,80.3,-91.9,,,,False
13.41999,80.32,-92.7,,,,False
13.41999,80.34,-78.9,,,,False
13.41999,80.36,410.6,,,,False
13.41999,80.38,-1.6,,,,False
13.41999,80.4,-240.3,,,,False
13.41999,80.42,-282.2,,,,False
13.41999,80.44,-393.2,,,,False
13.41999,80.46,-139.1,,,,False
13.41999,80.48,731.4,,,,False
13.41999,80.5,156.9,,,,False
13.39999,80.0,-59.2,,,,False
13.39999,80.02,-73.2,,,,False
13.39999,80.04,-75.1,,,,False
13.39999,80.06,-70.2,,,,False
13.39999,80.08,-73.6,,,,False
13.39999,80.1,-69.4,,,,False
13.39999,80.12,-71.7,,,,False
13.39999,80.14,-79.6,,,,False
13.39999,80.16,-84.3,,,,False
13.39999,80.18,-85.7,,,,False
13.39999,80.2,-86.5,,,,False
13.39999,80.22,-87.1,,,,False
13.39999,80.24,-88.0,,,,False
13.39999,80.26,-89.2,,,,False
13.39999,80.28,-88.1,,,,False
13.39999,80.3,-89.0,,,,False
13.39999,80.32,-88.9,,,,False
13.39999,80.34,-207.6,,,,False
13.39999,80.36,-181.7,,,,False
13.39999,80.38,-397.6,,,,False
13.39999,80.4,-390.9,,,,False
13.39999,80.42,-203.4,,,,False
13.39999,80.46,-128.0,,,,False
13.39999,80.48,-368.7,,,,False
13.37999,80.0,-66.2,,,,False
13.37999,80.02,-64.6,,,,False
13.37999,80.04,-61.8,,,,False
13.37999,80.06,-61.4,,,,False
13.37999,80.08,-64.4,,,,False
13.37999,80.1,-68.9,,,,False
13.37999,80.12,-72.4,,,,False
13.37999,80.14,-77.6,,,,False
13.37999,80.16,-80.6,,,,False
13.37999,80.18,-83.5,,,,False
13.37999,80.2,-84.1,,,,False
13.37999,80.22,-85.5,,,,False
13.37999,80.24,-87.7,,,,False
13.37999,80.26,-88.3,,,,False
13.37999,80.28,-87.2,,,,False
13.37999,80.3,-88.5,,,,False
13.37999,80.32,-89.1,,,,False
13.37999,80.34,-157.5,,,,False
13.37999,80.36,-325.9,,,,False
13.37999,80.38,-247.4,,,,False
13.37999,80.4,-161.3,,,,False
13.37999,80.42,-229.5,,,,False
13.37999,80.44,-234.1,,,,False
13.37999,80.46,-320.9,,,,False
13.37999,80.48,-297.6,,,,False
13.37999,80.5,-212.5,,,,False
13.35999,80.0,-52.3,,,,False
13.35999,80.02,-55.1,,,,False
13.35999,80.04,-59.7,,,,False
13.35999,80.06,-63.9,,,,False
13.35999,80.08,-68.5,,,,False
13.35999,80.1,-71.3,,,,False
13.35999,80.12,-74.5,,,,False
13.35999,80.14,-76.5,,,,False
13.35999,80.16,-80.2,,,,False
13.35999,80.18,-83.7,,,,False
13.35999,80.2,-84.1,,,,False
13.35999,80.22,-85.1,,,,False
13.35999,80.24,-87.8,,,,False
13.35999,80.26,-87.4,,,,False
13.35999,80.28,-87.8,,,,False
13.35999,80.3,-88.5,,,,False
13.35999,80.32,-87.4,,,,False
13.35999,80.34,-102.0,,,,False
13.35999,80.36,-200.9,,,,False
13.35999,80.38,-113.3,,,,False
13.35999,80.4,-132.6,,,,False
13.35999,80.42,-247.1,,,,False
13.35999,80.44,-275.3,,,,False
13.35999,80.46,-275.2,,,,False
13.35999,80.48,-174.8,,,,False
13.33999,80.0,-56.5,,,,False
13.33999,80.02,-60.0,,,,False
13.33999,80.04,-67.7,,,,False
13.33999,80.06,-68.8,,,,False
13.33999,80.08,-68.8,,,,False
13.33999,80.1,-72.9,,,,False
13.33999,80.12,-76.0,,,,False
13.33999,80.14,-77.5,,,,False
13.33999,80.16,-78.4,,,,False
13.33999,80.18,-80.8,,,,False
13.33999,80.2,-81.4,,,,False
13.33999,80.22,-87.3,,,,False
13.33999,80.24,-86.8,,,,False
13.33999,80.26,-88.1,,,,False
13.33999,80.28,-86.6,,,,False
13.33999,80.3,-89.2,,,,False
13.33999,80.32,-91.2,,,,False
13.33999,80.34,-88.3,,,,False
13.33999,80.36,-154.0,,,,False
13.33999,80.38,-187.4,,,,False
13.33999,80.4,-70.3,,,,False
13.33999,80.42,-113.4,,,,False
13.33999,80.44,-270.1,,,,False
13.33999,80.46,-125.5,,,,False
13.33999,80.48,-278.8,,,,False
13.31999,80.0,-59.7,,,,False
13.31999,80.02,-61.5,,,,False
13.31999,80.04,-64.8,,,,False
13.31999,80.06,-67.3,,,,False
13.31999,80.08,-69.8,,,,False
13.31999,80.1,-72.6,,,,False
13.31999,80.12,-72.9,,,,False
13.31999,80.14,-77.1,,,,False
13.31999,80.16,-79.3,,,,False
13.31999,80.18,-79.7,,,,False
13.31999,80.2,-82.0,,,,False
13.31999,80.22,-84.2,,,,False
13.31999,80.24,-86.5,,,,False
13.31999,80.26,-82.7,,,,False
13.31999,80.28,-86.9,,,,False
13.31999,80.3,-89.9,,,,False
13.31999,80.32,-90.5,,,,False
13.31999,80.34,-87.9,,,,False
13.31999,80.36,-141.3,,,,False
13.31999,80.38,-266.2,,,,False
13.31999,80.4,-100.2,,,,False
13.31999,80.42,-231.0,,,,False
13.31999,80.44,-232.9,,,,False
13.31999,80.46,-77.6,,,,False
13.31999,80.48,-203.2,,,,False
13.29999,80.0,-59.5,,,,False
13.29999,80.02,-66.9,,,,False
13.29999,80.04,-63.9,,,,False
13.29999,80.06,-69.1,,,,False
13.29999,80.08,-70.7,,,,False
13.29999,80.1,-72.8,,,,False
13.29999,80.12,-75.4,,,,False
13.29999,80.14,-77.5,,,,False
13.29999,80.16,-66.6,,,,False
13.29999,80.18,-79.5,,,,False
13.29999,80.2,-82.0,,,,False
13.29999,80.22,-82.5,,,,False
13.29999,80.24,-83.8,,,,False
13.29999,80.26,-84.5,,,,False
13.29999,80.28,-88.2,,,,False
13.29999,80.3,-88.8,,,,False
13.29999,80.32,-91.5,,,,False
13.29999,80.34,-88.1,,,,False
13.29999,80.36,-274.7,,,,False
13.29999,80.38,-113.8,,,,False
13.29999,80.4,-185.3,,,,False
13.29999,80.42,-133.4,,,,False
13.29999,80.44,-103.3,,,,False
13.29999,80.46,-87.6,,,,False
13.29999,80.48,-115.0,,,,False
13.27999,80.0,-57.2,,,,False
13.27999,80.02,-64.2,,,,False
13.27999,80.04,-67.0,,,,False
13.27999,80.06,-69.6,,,,False
13.27999,80.08,-69.9,,,,False
13.27999,80.1,-73.3,,,,False
13.27999,80.12,-74.5,,,,False
13.27999,80.14,-75.7,,,,False
13.27999,80.16,-76.9,,,,False
13.27999,80.18,-79.0,,,,False
13.27999,80.2,-86.8,,,,False
13.27999,80.22,-82.7,,,,False
13.27999,80.24,-84.5,,,,False
13.27999,80.26,-81.3,,,,False
13.27999,80.28,-87.7,,,,False
13.27999,80.3,-88.6,,,,False
13.27999,80.32,-87.0,,,,False
13.27999,80.34,-88.5,,,,False
13.27999,80.36,-233.4,,,,False
13.27999,80.4,-216.0,,,,False
13.27999,80.42,-180.9,,,,False
13.27999,80.44,-212.8,,,,False
13.27999,80.46,-215.0,,,,False
13.27999,80.48,-124.0,,,,False
13.25999,80.0,-49.4,,,,False
13.25999,80.02,-64.5,,,,False
13.25999,80.04,-66.3,,,,False
13.25999,80.06,-68.4,,,,False
13.25999,80.08,-66.2,22.0,25.73,-88.2,True
13.25999,80.1,-72.5,17.2,18.36,-89.7,True
13.25999,80.12,-73.8,16.4,17.32,-90.2,True
13.25999,80.14,-77.6,13.3,13.81,-90.9,True
13.25999,80.16,-87.1,5.8,7.82,-92.9,True
13.25999,80.18,-78.5,12.5,13.13,-91.0,True
13.25999,80.2,-77.4,12.9,17.17,-90.3,True
13.25999,80.22,-83.5,7.2,7.99,-90.7,True
13.25999,80.24,-86.0,7.4,8.08,-93.4,True
13.25999,80.26,-84.2,6.8,7.1,-91.0,True
13.25999,80.28,-87.0,4.7,5.62,-91.7,True
13.25999,80.3,-88.4,3.3,5.02,-91.7,True
13.25999,80.32,-91.0,1.1,1.2,-92.1,True
13.25999,80.34,-87.5,0.0,0.0,-87.5,False
13.25999,80.36,-167.1,0.0,0.0,-167.1,False
13.25999,80.38,-219.4,,,,False
13.25999,80.4,-138.9,,,,False
13.25999,80.42,-63.5,,,,False
13.25999,80.44,-6.5,,,,False
13.25999,80.46,-182.5,,,,False
13.23999,80.0,-64.3,,,,False
13.23999,80.02,-66.1,,,,False
13.23999,80.04,-67.4,,,,False
13.23999,80.06,-66.8,,,,False
13.23999,80.08,-69.3,20.5,21.23,-89.8,True
13.23999,80.1,-72.1,18.5,18.99,-90.6,True
13.23999,80.12,-70.7,19.2,19.96,-89.9,True
13.23999,80.14,-71.3,19.8,20.59,-91.1,True
13.23999,80.16,-75.6,13.5,14.77,-89.1,True
13.23999,80.18,-77.0,13.2,13.69,-90.2,True
13.23999,80.2,-79.7,10.9,16.93,-90.6,True
13.23999,80.22,-82.2,8.4,8.51,-90.6,True
13.23999,80.24,-85.3,6.5,7.08,-91.8,True
13.23999,80.26,-86.3,4.6,5.2,-90.9,True
13.23999,80.28,-87.7,3.0,2.59,-90.7,True
13.23999,80.3,-87.3,3.1,4.46,-90.4,True
13.23999,80.32,-87.5,7.1,8.77,-94.6,True
13.23999,80.34,-100.8,0.0,0.0,-100.8,False
13.23999,80.38,-329.5,,,,False
13.23999,80.4,-147.9,,,,False
13.23999,80.42,-215.2,,,,False
13.23999,80.44,-285.8,,,,False
13.23999,80.46,-316.2,,,,False
13.21999,80.0,-63.8,,,,False
13.21999,80.02,-65.2,,,,False
13.21999,80.04,-68.9,,,,False
13.21999,80.06,-69.5,,,,False
13.21999,80.08,-71.8,18.3,18.83,-90.1,True
13.21999,80.1,-68.9,20.1,21.48,-89.0,True
13.21999,80.12,-66.0,23.3,24.34,-89.3,True
13.21999,80.14,-75.4,14.3,15.0,-89.7,True
13.21999,80.16,-75.5,14.2,17.02,-89.7,True
13.21999,80.18,-79.8,10.2,11.83,-90.0,True
13.21999,80.2,-81.3,10.4,11.36,-91.7,True
13.21999,80.22,-83.5,6.6,8.19,-90.1,True
13.21999,80.24,-84.0,5.3,6.22,-89.3,True
13.21999,80.26,-87.8,3.6,4.06,-91.4,True
13.21999,80.28,-89.1,5.8,7.11,-94.9,True
13.21999,80.3,-90.6,2.1,2.02,-92.7,True
13.21999,80.32,-84.2,5.2,6.34,-89.4,True
13.21999,80.34,36.5,0.0,0.0,36.5,False
13.21999,80.36,-31.2,,0.0,,False
13.21999,80.38,-122.6,,,,False
13.21999,80.4,-125.3,,,,False
13.21999,80.42,-123.6,,,,False
13.21999,80.44,-155.6,,,,False
13.21999,80.46,-81.0,,,,False
13.19999,80.0,-66.0,,,,False
13.19999,80.02,-66.6,,,,False
13.19999,80.04,-67.1,,,,False
13.19999,80.06,-64.6,,,,False
13.19999,80.08,-68.2,21.6,22.21,-89.8,True
13.19999,80.1,-57.2,32.7,33.72,-89.9,True
13.19999,80.12,-60.8,28.5,29.01,-89.3,True
13.19999,80.14,-58.9,32.7,37.16,-91.6,True
13.19999,80.16,-66.9,24.0,24.88,-90.9,True
13.19999,80.18,-72.4,18.3,19.11,-90.7,True
13.19999,80.2,-82.4,8.4,8.89,-90.8,True
13.19999,80.22,-85.3,5.9,7.17,-91.2,True
13.19999,80.24,-86.1,4.1,4.77,-90.2,True
13.19999,80.26,-88.0,3.5,3.56,-91.5,True
13.19999,80.28,-88.8,3.8,3.51,-92.6,True
13.19999,80.3,-89.3,3.4,3.5,-92.7,True
13.19999,80.32,-88.6,3.2,4.34,-91.8,True
13.19999,80.34,-124.4,,0.0,,False
13.19999,80.38,-186.3,,,,False
13.19999,80.4,-259.6,,,,False
13.19999,80.42,-295.3,,,,False
13.17999,80.0,-63.7,,,,False
13.17999,80.02,-61.7,,,,False
13.17999,80.04,-64.2,,,,False
13.17999,80.06,-67.8,,,,False
13.17999,80.08,-68.5,22.9,23.82,-91.4,True
13.17999,80.1,-57.1,33.4,34.08,-90.5,True
13.17999,80.12,-58.9,31.4,31.92,-90.3,True
13.17999,80.14,-54.4,36.9,39.18,-91.3,True
13.17999,80.16,-77.0,14.0,14.43,-91.0,True
13.17999,80.18,-82.7,10.1,13.0,-92.8,True
13.17999,80.2,-82.1,7.6,8.47,-89.7,True
13.17999,80.22,-85.5,5.5,5.92,-91.0,True
13.17999,80.24,-88.8,4.1,4.62,-92.9,True
13.17999,80.26,-88.0,2.8,2.69,-90.8,True
13.17999,80.28,-87.8,4.0,5.02,-91.8,True
13.17999,80.3,-83.2,7.0,9.04,-90.2,True
13.17999,80.32,3.0,0.0,0.0,3.0,False
13.17999,80.38,-351.1,,,,False
13.17999,80.4,-21.2,,,,False
13.17999,80.42,-200.2,,,,False
13.17999,80.44,-345.4,,,,False
13.15999,80.0,-58.6,,,,False
13.15999,80.02,-62.3,,,,False
13.15999,80.04,-64.9,,,,False
13.15999,80.06,-66.9,,,,False
13.15999,80.08,-58.2,36.0,37.51,-94.2,True
13.15999,80.1,-63.8,28.2,29.11,-92.0,True
13.15999,80.12,-73.9,18.5,19.56,-92.4,True
13.15999,80.14,-71.8,20.3,21.47,-92.1,True
13.15999,80.16,-78.0,14.6,14.9,-92.6,True
13.15999,80.18,-154.0,10.1,13.0,-164.1,True
13.15999,80.2,-71.7,18.5,20.58,-90.2,True
13.15999,80.22,-86.7,6.9,8.99,-93.6,True
13.15999,80.24,-87.8,7.3,9.86,-95.1,True
13.15999,80.26,-84.9,6.2,7.01,-91.1,True
13.15999,80.28,-83.5,7.5,8.05,-91.0,True
13.15999,80.3,-79.0,11.6,11.86,-90.6,True
13.15999,80.32,-107.0,0.0,0.0,-107.0,False
13.15999,80.34,-146.3,,0.0,,False
13.15999,80.36,-379.7,,0.0,,False
13.15999,80.38,-120.5,,,,False
13.15999,80.4,-130.7,,,,False
13.15999,80.42,-39.8,,,,False
13.15999,80.44,-392.6,,,,False
13.13999,80.0,-58.6,,,,False
13.13999,80.02,-61.5,,,,False
13.13999,80.04,-61.4,,,,False
13.13999,80.06,-53.8,,,,False
13.13999,80.08,-58.9,32.8,34.26,-91.7,True
13.13999,80.1,-67.2,25.2,26.9,-92.4,True
13.13999,80.12,-71.1,21.5,21.5,-92.6,True
13.13999,80.14,-73.0,19.4,22.31,-92.4,True
13.13999,80.16,-75.8,15.1,16.29,-90.9,True
13.13999,80.18,-76.2,15.8,16.62,-92.0,True
13.13999,80.2,-80.6,11.4,12.37,-92.0,True
13.13999,80.22,-85.1,5.7,6.33,-90.8,True
13.13999,80.24,-80.3,8.5,9.09,-88.8,True
13.13999,80.26,-88.4,3.3,3.54,-91.7,True
13.13999,80.28,-84.4,7.8,9.12,-92.2,True
13.13999,80.3,-109.1,0.0,0.0,-109.1,False
13.13999,80.32,-167.8,,0.0,,False
13.13999,80.34,-91.2,,0.0,,False
13.13999,80.36,-308.6,,0.0,,False
13.13999,80.38,-387.4,,,,False
13.13999,80.4,-204.3,,,,False
13.13999,80.42,-96.2,,,,False
13.13999,80.44,-176.4,,,,False
13.11999,80.0,-51.3,,,,False
13.11999,80.02,-61.1,,,,False
13.11999,80.04,-63.1,,,,False
13.11999,80.06,-57.4,,,,False
13.11999,80.08,-64.3,28.1,29.85,-92.4,True
13.11999,80.1,-61.4,30.0,30.86,-91.4,True
13.11999,80.12,-69.6,23.8,25.22,-93.4,True
13.11999,80.14,-73.0,20.6,21.67,-93.6,True
13.11999,80.16,-71.3,21.6,23.19,-92.9,True
13.11999,80.18,-81.1,11.5,11.84,-92.6,True
13.11999,80.2,-81.6,9.4,9.68,-91.0,True
13.11999,80.22,-80.7,10.0,11.35,-90.7,True
13.11999,80.24,-85.6,6.0,7.83,-91.6,True
13.11999,80.26,-85.3,9.4,9.23,-94.7,True
13.11999,80.28,-82.0,7.2,7.89,-89.2,True
13.11999,80.3,-87.1,4.1,4.97,-91.2,True
13.11999,80.32,-179.1,,0.0,,False
13.11999,80.34,-264.5,,0.0,,False
13.11999,80.36,-213.6,,0.0,,False
13.11999,80.38,-323.2,,,,False
13.11999,80.4,32.4,,,,False
13.11999,80.42,102.6,,,,False
13.11999,80.44,-277.6,,,,False
13.09999,80.0,-54.7,,,,False
13.09999,80.02,-62.1,,,,False
13.09999,80.04,-64.5,,,,False
13.09999,80.06,-66.4,,,,False
13.09999,80.08,-71.2,21.4,22.32,-92.6,True
13.09999,80.1,-70.1,22.5,24.32,-92.6,True
13.09999,80.12,-74.5,17.4,18.92,-91.9,True
13.09999,80.14,-73.3,20.6,21.86,-93.9,True
13.09999,80.16,-75.9,16.6,17.84,-92.5,True
13.09999,80.18,-77.2,17.0,19.41,-94.2,True
13.09999,80.2,-76.7,14.7,16.22,-91.4,True
13.09999,80.22,-83.3,11.4,13.24,-94.7,True
13.09999,80.24,-79.1,10.0,9.23,-89.1,True
13.09999,80.26,-83.3,7.5,8.05,-90.8,True
13.09999,80.28,-73.3,16.3,17.98,-89.6,True
13.09999,80.3,-88.2,0.0,0.0,-88.2,False
13.09999,80.32,-148.2,0.0,0.0,-148.2,False
13.09999,80.34,-105.5,,0.0,,False
13.09999,80.36,-250.7,,0.0,,False
13.09999,80.38,-145.7,,,,False
13.09999,80.4,-1.7,,,,False
13.09999,80.42,-310.5,,,,False
13.09999,80.44,-194.7,,,,False
13.07999,80.0,-59.0,,,,False
13.07999,80.02,-61.4,,,,False
13.07999,80.04,-63.3,,,,False
13.07999,80.06,-65.9,,,,False
13.07999,80.08,-69.9,22.6,23.64,-92.5,True
13.07999,80.1,-71.8,19.9,22.1,-91.7,True
13.07999,80.12,-72.4,20.5,21.52,-92.9,True
13.07999,80.14,-77.9,13.6,15.43,-91.5,True
13.07999,80.16,-79.9,14.1,14.82,-94.0,True
13.07999,80.18,-74.7,14.3,16.32,-89.0,True
13.07999,80.2,-79.2,12.1,14.0,-91.3,True
13.07999,80.22,-82.2,10.1,11.0,-92.3,True
13.07999,80.24,-79.9,10.3,11.0,-90.2,True
13.07999,80.26,-81.2,11.6,14.53,-92.8,True
13.07999,80.28,-89.7,3.3,3.19,-93.0,True
13.07999,80.3,-140.3,0.0,0.0,-140.3,False
13.07999,80.34,-286.5,,0.0,,False
13.07999,80.36,-158.5,,0.0,,False
13.07999,80.38,-323.8,,,,False
13.07999,80.4,-20.1,,,,False
13.05999,80.0,-63.6,,,,False
13.05999,80.02,-63.5,,,,False
13.05999,80.04,-66.6,,,,False
13.05999,80.06,-66.5,,,,False
13.05999,80.08,-70.3,22.2,22.47,-92.5,True
13.05999,80.1,-73.8,19.9,20.11,-93.7,True
13.05999,80.12,-75.2,18.4,19.42,-93.6,True
13.05999,80.14,-77.4,15.3,15.54,-92.7,True
13.05999,80.16,-79.0,13.7,14.7,-92.7,True
13.05999,80.18,-77.9,13.1,13.56,-91.0,True
13.05999,80.2,-77.0,14.3,16.31,-91.3,True
13.05999,80.22,-77.5,14.2,14.85,-91.7,True
13.05999,80.24,-77.4,14.1,15.48,-91.5,True
13.05999,80.26,-83.7,8.1,12.41,-91.8,True
13.05999,80.28,-87.9,7.5,12.41,-95.4,True
13.05999,80.3,-314.9,0.0,0.0,-314.9,False
13.05999,80.34,-399.6,,0.0,,False
13.05999,80.36,-219.3,,0.0,,False
13.05999,80.38,-28.2,,,,False
13.05999,80.4,-170.0,,,,False
13.05999,80.42,-369.8,,,,False
13.03999,80.0,-55.8,,,,False
13.03999,80.02,-52.1,,,,False
13.03999,80.04,-64.4,,,,False
13.03999,80.06,-63.4,,,,False
13.03999,80.08,-65.3,27.0,28.13,-92.3,True
13.03999,80.1,-70.9,21.3,21.69,-92.2,True
13.03999,80.12,-74.1,18.1,19.18,-92.2,True
13.03999,80.14,-73.7,17.2,17.93,-90.9,True
13.03999,80.16,-75.6,16.4,16.75,-92.0,True
13.03999,80.18,-76.2,17.0,17.82,-93.2,True
13.03999,80.2,-79.3,15.1,16.87,-94.4,True
13.03999,80.22,-77.2,15.1,16.84,-92.3,True
13.03999,80.24,-78.5,10.9,12.85,-89.4,True
13.03999,80.26,-82.7,10.1,12.64,-92.8,True
13.03999,80.28,-89.9,3.5,4.0,-93.4,True
13.03999,80.36,-373.1,,0.0,,False
13.03999,80.4,-326.3,,,,False
13.01999,80.0,-62.0,,,,False
13.01999,80.02,-68.4,,,,False
13.01999,80.04,-65.9,,,,False
13.01999,80.06,-65.9,,,,False
13.01999,80.08,-70.4,20.3,22.5,-90.7,True
13.01999,80.1,-73.1,19.0,21.13,-92.1,True
13.01999,80.12,-75.8,19.8,22.62,-95.6,True
13.01999,80.14,-73.4,18.7,19.81,-92.1,True
13.01999,80.16,-78.8,13.5,15.44,-92.3,True
13.01999,80.18,-69.5,18.7,20.31,-88.2,True
13.01999,80.2,-78.4,15.9,17.2,-94.3,True
13.01999,80.22,-79.2,13.1,14.16,-92.3,True
13.01999,80.24,-84.7,8.7,9.62,-93.4,True
13.01999,80.26,-80.7,8.8,10.11,-89.5,True
13.01999,80.28,-79.1,0.0,0.0,-79.1,False
13.01999,80.34,-336.0,,0.0,,False
13.01999,80.36,-97.8,,0.0,,False
13.01999,80.4,-374.0,,,,False
12.99999,80.0,-54.9,,,,False
12.99999,80.02,-52.2,,,,False
12.99999,80.04,-66.5,,,,False
12.99999,80.06,-137.0,,,,False
12.99999,80.08,-70.3,19.1,21.0,-89.4,True
12.99999,80.1,-73.5,18.7,20.39,-92.2,True
12.99999,80.12,-77.8,14.1,16.0,-91.9,True
12.99999,80.14,-81.3,11.4,13.28,-92.7,True
12.99999,80.16,-87.1,4.6,6.43,-91.7,True
12.99999,80.18,-85.2,12.1,16.62,-97.3,True
12.99999,80.2,-80.2,15.3,17.52,-95.5,True
12.99999,80.22,-86.5,7.0,11.49,-93.5,True
12.99999,80.24,-83.5,9.7,15.56,-93.2,True
12.99999,80.26,-77.8,6.6,7.71,-84.4,True
12.99999,80.28,-139.3,0.0,0.0,-139.3,False
12.99999,80.3,-200.7,,0.0,,False
12.99999,80.32,-242.5,,0.0,,False
12.99999,80.42,-61.8,,,,False
12.97999,80.0,-60.1,,,,False
12.97999,80.02,-56.6,,,,False
12.97999,80.04,-70.3,,,,False
12.97999,80.06,-70.3,,,,False
12.97999,80.08,-74.2,19.5,20.51,-93.7,True
12.97999,80.1,-76.3,15.6,19.52,-91.9,True
12.97999,80.12,-76.9,13.3,14.45,-90.2,True
12.97999,80.14,-74.8,19.8,21.4,-94.6,True
12.97999,80.16,-80.0,15.1,15.62,-95.1,True
12.97999,80.18,-76.2,17.9,18.61,-94.1,True
12.97999,80.2,-88.8,11.1,13.3,-99.9,True
12.97999,80.22,-78.3,11.1,11.4,-89.4,True
12.97999,80.24,-86.3,6.3,7.51,-92.6,True
12.97999,80.26,-82.2,8.7,10.04,-90.9,True
12.97999,80.3,-340.1,,0.0,,False
12.97999,80.4,-326.3,,,,False
12.95999,80.0,-66.3,,,,False
12.95999,80.02,-67.7,,,,False
12.95999,80.04,-67.0,,,,False
12.95999,80.06,-69.3,,,,False
12.95999,80.08,-76.6,18.3,18.74,-94.9,True
12.95999,80.1,-79.3,14.3,14.88,-93.6,True
12.95999,80.12,-75.3,13.8,15.89,-89.1,True
12.95999,80.14,-60.4,32.9,34.11,-93.3,True
12.95999,80.16,-77.9,15.2,20.36,-93.1,True
12.95999,80.18,-80.7,13.8,14.56,-94.5,True
12.95999,80.2,-86.5,7.1,8.39,-93.6,True
12.95999,80.22,-91.6,4.0,5.32,-95.6,True
12.95999,80.24,-84.0,9.2,11.37,-93.2,True
12.95999,80.26,-83.3,9.9,11.25,-93.2,True
12.95999,80.32,-369.0,,0.0,,False
12.95999,80.34,-337.4,,0.0,,False
12.95999,80.38,-389.1,,,,False
12.93999,80.0,-66.6,,,,False
12.93999,80.02,-71.5,,,,False
12.93999,80.04,-73.5,,,,False
12.93999,80.06,-75.1,,,,False
12.93999,80.08,-78.5,14.0,16.46,-92.5,True
12.93999,80.1,-78.1,16.3,20.65,-94.4,True
12.93999,80.12,-67.5,24.9,25.42,-92.4,True
12.93999,80.14,-66.2,27.5,28.19,-93.7,True
12.93999,80.16,-81.1,14.1,14.83,-95.2,True
12.93999,80.18,-82.2,12.4,13.94,-94.6,True
12.93999,80.2,-86.0,6.4,6.89,-92.4,True
12.93999,80.22,-92.0,1.6,1.29,-93.6,True
12.93999,80.24,-89.5,4.2,4.1,-93.7,True
12.93999,80.26,-89.2,1.2,2.32,-90.4,True
12.93999,80.28,-370.5,,0.0,,False
12.93999,80.3,-317.7,,0.0,,False
12.93999,80.32,-285.3,,0.0,,False
12.93999,80.34,-374.8,,0.0,,False
12.93999,80.36,-349.0,,0.0,,False
12.91999,80.0,-65.9,,,,False
12.91999,80.02,-65.3,,,,False
12.91999,80.04,-71.8,,,,False
12.91999,80.06,-75.9,,,,False
12.91999,80.08,-70.7,22.0,23.57,-92.7,True
12.91999,80.1,-74.6,18.2,19.4,-92.8,True
12.91999,80.12,-53.2,35.2,38.42,-88.4,True
12.91999,80.14,-65.9,29.5,31.42,-95.4,True
12.91999,80.16,-74.0,20.8,22.61,-94.8,True
12.91999,80.18,-76.4,16.1,19.7,-92.5,True
12.91999,80.2,-80.4,13.0,12.55,-93.4,True
12.91999,80.22,-92.2,1.6,1.62,-93.8,True
12.91999,80.24,-91.1,2.9,3.12,-94.0,True
12.91999,80.26,-152.7,0.0,0.0,-152.7,False
12.91999,80.32,-351.5,,0.0,,False
12.91999,80.36,-362.9,,0.0,,False
12.91999,80.38,-167.2,,,,False
12.91999,80.4,-102.5,,,,False
12.89999,80.0,-56.3,,,,False
12.89999,80.02,-63.7,,,,False
12.89999,80.04,-69.6,,,,False
12.89999,80.06,-75.1,,,,False
12.89999,80.08,-65.5,27.1,29.33,-92.6,True
12.89999,80.1,-63.8,27.5,30.33,-91.3,True
12.89999,80.12,-69.5,22.5,26.97,-92.0,True
12.89999,80.14,-74.6,18.2,19.57,-92.8,True
12.89999,80.16,-75.9,17.5,18.73,-93.4,True
12.89999,80.18,-85.3,6.7,7.99,-92.0,True
12.89999,80.2,-89.6,4.1,4.88,-93.7,True
12.89999,80.22,-91.7,5.4,1.55,-97.1,True
12.89999,80.24,-91.7,1.1,1.09,-92.8,True
12.89999,80.26,-148.3,0.0,0.0,-148.3,False
12.89999,80.28,-273.3,,0.0,,False
12.89999,80.36,170.3,,0.0,,False
12.87999,80.0,-54.3,,,,False
12.87999,80.02,-63.8,,,,False
12.87999,80.04,-70.5,,,,False
12.87999,80.06,-69.7,,,,False
12.87999,80.08,-56.7,36.1,38.07,-92.8,True
12.87999,80.1,-61.9,30.3,32.61,-92.2,True
12.87999,80.12,-73.4,19.7,21.73,-93.1,True
12.87999,80.14,-78.6,15.1,15.66,-93.7,True
12.87999,80.16,-82.3,10.2,11.02,-92.5,True
12.87999,80.18,-87.4,6.5,7.43,-93.9,True
12.87999,80.2,-91.0,2.8,2.59,-93.8,True
12.87999,80.22,-89.0,2.9,2.52,-91.9,True
12.87999,80.24,-91.6,2.1,1.51,-93.7,True
12.87999,80.26,-180.9,0.0,0.0,-180.9,False
12.87999,80.28,-136.8,,0.0,,False
12.87999,80.3,-177.9,,0.0,,False
12.85999,80.0,-59.4,,,,False
12.85999,80.02,-64.7,,,,False
12.85999,80.04,-62.0,,,,False
12.85999,80.06,-66.8,,,,False
12.85999,80.08,-59.5,32.8,33.77,-92.3,True
12.85999,80.1,-59.4,32.3,34.47,-91.7,True
12.85999,80.12,-64.9,26.0,27.07,-90.9,True
12.85999,80.14,-73.4,18.0,19.45,-91.4,True
12.85999,80.16,-80.8,11.2,11.57,-92.0,True
12.85999,80.18,-85.5,5.7,6.78,-91.2,True
12.85999,80.2,-87.0,6.0,7.32,-93.0,True
12.85999,80.22,-88.4,3.8,4.84,-92.2,True
12.85999,80.24,-80.0,8.9,8.68,-88.9,True
12.85999,80.26,-127.6,0.0,0.0,-127.6,False
12.85999,80.28,-369.0,,0.0,,False
12.85999,80.3,-268.2,,0.0,,False
12.85999,80.32,-338.8,,0.0,,False
12.83999,80.0,-54.7,,,,False
12.83999,80.02,-56.1,,,,False
12.83999,80.04,-52.0,,,,False
12.83999,80.06,-48.7,,,,False
12.83999,80.08,-61.7,28.8,30.12,-90.5,True
12.83999,80.1,-51.4,41.0,44.52,-92.4,True
12.83999,80.12,-57.5,36.0,36.54,-93.5,True
12.83999,80.14,-58.8,33.3,34.08,-92.1,True
12.83999,80.16,-76.0,16.4,17.46,-92.4,True
12.83999,80.18,-80.6,10.4,11.09,-91.0,True
12.83999,80.2,-83.3,9.1,10.26,-92.4,True
12.83999,80.22,-87.8,4.0,4.92,-91.8,True
12.83999,80.24,-83.3,6.2,13.35,-89.5,True
12.83999,80.26,-185.1,0.0,0.0,-185.1,False
12.83999,80.28,-358.0,,0.0,,False
12.83999,80.3,-286.1,,0.0,,False
12.83999,80.34,-355.8,,0.0,,False
12.83999,80.36,-349.9,,0.0,,False
12.81999,80.0,-44.7,,,,False
12.81999,80.02,-49.1,,,,False
12.81999,80.04,-47.5,,,,False
12.81999,80.06,-41.3,,,,False
12.81999,80.08,-57.4,,,,False
12.81999,80.1,-50.9,,,,False
12.81999,80.12,11.3,,,,False
12.81999,80.14,-66.7,,,,False
12.81999,80.16,-73.5,,,,False
12.81999,80.18,-72.9,,,,False
12.81999,80.2,-84.7,,,,False
12.81999,80.22,-85.2,,,,False
12.81999,80.24,-84.7,,,,False
12.81999,80.26,-194.9,,,,False
12.81999,80.28,-273.2,,,,False
12.81999,80.32,-323.9,,,,False
12.81999,80.34,-337.8,,,,False
12.81999,80.36,-280.2,,,,False
12.81999,80.38,-333.0,,,,False
12.79999,80.0,-35.9,,,,False
12.79999,80.02,-41.0,,,,False
12.79999,80.04,-41.3,,,,False
12.79999,80.06,-45.9,,,,False
12.79999,80.08,-47.7,,,,False
12.79999,80.1,-42.8,,,,False
12.79999,80.12,-49.1,,,,False
12.79999,80.14,-70.6,,,,False
12.79999,80.16,-77.5,,,,False
12.79999,80.18,-76.8,,,,False
12.79999,80.2,-79.2,,,,False
12.79999,80.22,-83.0,,,,False
12.79999,80.24,-88.3,,,,False
12.79999,80.26,-188.6,,,,False
12.79999,80.28,-285.8,,,,False
12.79999,80.3,-380.6,,,,False
12.79999,80.32,-365.8,,,,False
12.79999,80.34,-283.1,,,,False
12.79999,80.36,-337.3,,,,False
12.77999,80.0,-45.1,,,,False
12.77999,80.02,-39.6,,,,False
12.77999,80.04,-36.7,,,,False
12.77999,80.06,-45.8,,,,False
12.77999,80.08,-53.2,,,,False
12.77999,80.1,-52.9,,,,False
12.77999,80.12,-59.2,,,,False
12.77999,80.14,-72.5,,,,False
12.77999,80.16,-79.6,,,,False
12.77999,80.18,-83.8,,,,False
12.77999,80.2,-85.3,,,,False
12.77999,80.22,-89.7,,,,False
12.77999,80.24,-88.7,,,,False
12.77999,80.26,-93.3,,,,False
12.77999,80.28,-254.9,,,,False
12.77999,80.36,-263.6,,,,False
12.75999,80.0,-47.3,,,,False
12.75999,80.02,-41.0,,,,False
12.75999,80.04,-40.6,,,,False
12.75999,80.06,-48.3,,,,False
12.75999,80.08,-55.5,,,,False
12.75999,80.1,-39.3,,,,False
12.75999,80.12,-69.0,,,,False
12.75999,80.14,-75.1,,,,False
12.75999,80.16,-79.6,,,,False
12.75999,80.18,-84.4,,,,False
12.75999,80.2,-87.8,,,,False
12.75999,80.22,-89.7,,,,False
12.75999,80.24,-87.0,,,,False
12.75999,80.26,-195.4,,,,False
12.75999,80.36,-396.0,,,,False
12.73999,80.0,-41.6,,,,False
12.73999,80.02,-40.6,,,,False
12.73999,80.04,-37.3,,,,False
12.73999,80.06,-46.7,,,,False
12.73999,80.08,-43.0,,,,False
12.73999,80.1,-62.5,,,,False
12.73999,80.12,-66.9,,,,False
12.73999,80.14,-72.1,,,,False
12.73999,80.16,-80.2,,,,False
12.73999,80.18,-80.0,,,,False
12.73999,80.2,-86.4,,,,False
12.73999,80.22,-88.0,,,,False
12.73999,80.24,-86.6,,,,False
12.73999,80.26,-136.2,,,,False
12.73999,80.28,-171.7,,,,False
12.71999,80.0,-51.8,,,,False
12.71999,80.02,-43.9,,,,False
12.71999,80.04,8.0,,,,False
12.71999,80.06,-47.2,,,,False
12.71999,80.08,-56.1,,,,False
12.71999,80.1,-66.2,,,,False
12.71999,80.12,-63.0,,,,False
12.71999,80.14,-71.2,,,,False
12.71999,80.16,-75.5,,,,False
12.71999,80.18,-79.2,,,,False
12.71999,80.2,-88.2,,,,False
12.71999,80.22,-88.3,,,,False
12.71999,80.24,-96.6,,,,False
12.71999,80.26,-251.3,,,,False
12.71999,80.28,-283.5,,,,False
12.71999,80.36,-80.0,,,,False
12.69999,80.0,-51.2,,,,False
12.69999,80.02,-35.9,,,,False
12.69999,80.04,-42.0,,,,False
12.69999,80.06,-56.6,,,,False
12.69999,80.08,-64.7,,,,False
12.69999,80.1,-69.3,,,,False
12.69999,80.12,-72.1,,,,False
12.69999,80.14,-78.7,,,,False
12.69999,80.16,-77.0,,,,False
12.69999,80.18,-80.4,,,,False
12.69999,80.2,-84.0,,,,False
12.69999,80.22,-87.5,,,,False
12.69999,80.24,-288.9,,,,False
12.69999,80.3,-358.1,,,,False
12.69999,80.32,-321.3,,,,False
12.67999,80.0,-43.3,,,,False
12.67999,80.02,-36.3,,,,False
12.67999,80.04,-3.4,,,,False
12.67999,80.06,-62.2,,,,False
12.67999,80.08,-68.7,,,,False
12.67999,80.1,-72.5,,,,False
12.67999,80.12,-69.8,,,,False
12.67999,80.14,-82.0,,,,False
12.67999,80.16,-83.0,,,,False
12.67999,80.18,-87.8,,,,False
12.67999,80.2,-87.9,,,,False
12.67999,80.22,-102.4,,,,False
12.67999,80.24,-190.7,,,,False
12.67999,80.32,-329.5,,,,False
12.67999,80.34,-71.3,,,,False
12.65999,80.0,-40.2,,,,False
12.65999,80.02,-45.5,,,,False
12.65999,80.04,-24.3,,,,False
12.65999,80.06,-63.9,,,,False
12.65999,80.08,-65.1,,,,False
12.65999,80.1,-73.6,,,,False
12.65999,80.12,-79.0,,,,False
12.65999,80.14,-83.9,,,,False
12.65999,80.16,-87.1,,,,False
12.65999,80.18,-88.6,,,,False
12.65999,80.2,-88.3,,,,False
12.65999,80.22,-99.2,,,,False
12.65999,80.24,-166.9,,,,False
12.65999,80.26,-242.3,,,,False
12.65999,80.28,-353.3,,,,False
12.65999,80.3,-376.7,,,,False
12.65999,80.32,-317.5,,,,False
12.65999,80.34,-232.6,,,,False
12.63999,80.0,-55.1,,,,False
12.63999,80.02,-34.9,,,,False
12.63999,80.04,-53.3,,,,False
12.63999,80.06,-56.9,,,,False
12.63999,80.08,-57.4,,,,False
12.63999,80.1,-73.2,,,,False
12.63999,80.12,-80.5,,,,False
12.63999,80.14,-80.9,,,,False
12.63999,80.16,-82.0,,,,False
12.63999,80.18,-88.5,,,,False
12.63999,80.2,-85.5,,,,False
12.63999,80.22,-162.0,,,,False
12.63999,80.24,-187.4,,,,False
12.63999,80.26,-289.6,,,,False
12.63999,80.28,-311.3,,,,False
12.63999,80.3,-354.9,,,,False
12.63999,80.32,-358.7,,,,False
12.63999,80.34,-323.4,,,,False
12.61999,80.0,-59.9,,,,False
12.61999,80.02,-49.0,,,,False
12.61999,80.04,-25.4,,,,False
12.61999,80.06,-11.8,,,,False
12.61999,80.08,-60.3,,,,False
12.61999,80.1,-70.4,,,,False
12.61999,80.12,-77.2,,,,False
12.61999,80.14,-73.7,,,,False
12.61999,80.16,-80.0,,,,False
12.61999,80.18,-85.4,,,,False
12.61999,80.2,-175.0,,,,False
12.61999,80.22,-221.4,,,,False
12.61999,80.24,-386.2,,,,False
12.61999,80.26,-353.6,,,,False
12.61999,80.28,-364.6,,,,False
12.59999,80.0,-65.6,,,,False
12.59999,80.02,-58.3,,,,False
12.59999,80.04,-59.6,,,,False
12.59999,80.06,-56.7,,,,False
12.59999,80.08,-67.4,,,,False
12.59999,80.1,-73.6,,,,False
12.59999,80.12,-67.9,,,,False
12.59999,80.14,-80.4,,,,False
12.59999,80.16,-88.8,,,,False
12.59999,80.18,-88.0,,,,False
12.59999,80.2,-159.6,,,,False
12.59999,80.22,-278.1,,,,False
12.59999,80.24,-374.2,,,,False
12.59999,80.26,-397.2,,,,False
12.57999,80.0,-69.6,,,,False
12.57999,80.02,-66.7,,,,False
12.57999,80.04,-66.7,,,,False
12.57999,80.06,-67.4,,,,False
12.57999,80.08,-71.1,,,,False
12.57999,80.1,-78.2,,,,False
12.57999,80.12,-75.0,,,,False
12.57999,80.14,-78.7,,,,False
12.57999,80.16,-86.4,,,,False
12.57999,80.18,-87.3,,,,False
12.57999,80.2,-322.8,,,,False
12.57999,80.22,-355.4,,,,False
12.55999,80.0,-73.3,,,,False
12.55999,80.02,-74.4,,,,False
12.55999,80.04,-76.3,,,,False
12.55999,80.06,-77.1,,,,False
12.55999,80.08,-70.9,,,,False
12.55999,80.1,-82.9,,,,False
12.55999,80.12,-78.1,,,,False
12.55999,80.14,-83.5,,,,False
12.55999,80.16,-88.2,,,,False
12.55999,80.18,-87.2,,,,False
12.55999,80.2,-132.3,,,,False
12.55999,80.32,-277.9,,,,False
12.53999,80.0,-77.5,,,,False
12.53999,80.02,-75.8,,,,False
12.53999,80.04,-77.6,,,,False
12.53999,80.06,-81.3,,,,False
12.53999,80.08,-82.0,,,,False
12.53999,80.1,-85.9,,,,False
12.53999,80.12,-87.0,,,,False
12.53999,80.14,-87.3,,,,False
12.53999,80.16,-87.5,,,,False
12.53999,80.18,-57.1,,,,False
12.53999,80.2,-241.2,,,,False
12.53999,80.22,-392.0,,,,False
12.51999,80.0,-72.8,,,,False
12.51999,80.02,-80.4,,,,False
12.51999,80.04,-78.6,,,,False
12.51999,80.06,-84.2,,,,False
12.51999,80.08,-82.0,,,,False
12.51999,80.1,-83.8,,,,False
12.51999,80.12,-84.5,,,,False
12.51999,80.14,-86.8,,,,False
12.51999,80.16,-83.2,,,,False
12.51999,80.18,-109.8,,,,False
12.51999,80.2,-258.4,,,,False
12.51999,80.24,-356.1,,,,False
12.49999,80.0,-74.0,,,,False
12.49999,80.02,-75.8,,,,False
12.49999,80.04,-77.8,,,,False
12.49999,80.06,-82.8,,,,False
12.49999,80.08,-85.7,,,,False
12.49999,80.1,-81.7,,,,False
12.49999,80.12,-85.0,,,,False
12.49999,80.14,-87.0,,,,False
12.49999,80.16,-86.0,,,,False
12.49999,80.18,-78.7,,,,False
12.49999,80.2,-190.3,,,,False
12.49999,80.22,-341.4,,,,False
12.49999,80.24,-323.4,,,,False
12.49999,80.26,-375.7,,,,False
12.49999,80.28,-364.5,,,,False
12.49999,80.3,-314.9,,,,False
12.47999,80.0,-63.2,,,,False
12.47999,80.02,-74.9,,,,False
12.47999,80.04,-75.3,,,,False
12.47999,80.06,-80.6,,,,False
12.47999,80.08,-83.5,,,,False
12.47999,80.1,-82.0,,,,False
12.47999,80.12,-88.3,,,,False
12.47999,80.14,-88.8,,,,False
12.47999,80.16,-45.0,,,,False
12.47999,80.18,-263.1,,,,False
12.47999,80.22,-367.2,,,,False
12.47999,80.24,-376.3,,,,False
12.47999,80.26,-364.1,,,,False
12.47999,80.3,-375.4,,,,False
12.45999,80.0,-65.1,,,,False
12.45999,80.02,-66.1,,,,False
12.45999,80.04,-69.9,,,,False
12.45999,80.06,-79.4,,,,False
12.45999,80.08,-82.5,,,,False
12.45999,80.1,-81.5,,,,False
12.45999,80.12,-87.7,,,,False
12.45999,80.14,-88.7,,,,False
12.45999,80.16,-20.9,,,,False
12.45999,80.18,-160.2,,,,False
12.45999,80.3,-363.8,,,,False
12.43999,80.0,-67.2,,,,False
12.43999,80.02,-62.2,,,,False
12.43999,80.04,-67.9,,,,False
12.43999,80.06,-75.9,,,,False
12.43999,80.08,-79.7,,,,False
12.43999,80.1,-87.4,,,,False
12.43999,80.12,-87.7,,,,False
12.43999,80.14,-82.4,,,,False
12.43999,80.16,60.0,,,,False
12.43999,80.18,-130.0,,,,False
12.41999,80.0,-75.8,,,,False
12.41999,80.02,-76.4,,,,False
12.41999,80.04,-71.8,,,,False
12.41999,80.06,-77.6,,,,False
12.41999,80.08,-86.0,,,,False
12.41999,80.1,-87.3,,,,False
12.41999,80.12,-84.9,,,,False
12.41999,80.14,-72.1,,,,False
12.41999,80.16,-243.1,,,,False
12.41999,80.18,-280.0,,,,False
12.41999,80.2,-376.0,,,,False
12.39999,80.0,-77.2,,,,False
12.39999,80.02,-84.4,,,,False
12.39999,80.04,-79.4,,,,False
12.39999,80.06,-83.9,,,,False
12.39999,80.08,-87.9,,,,False
12.39999,80.1,-84.8,,,,False
12.39999,80.12,640.9,,,,False
12.39999,80.14,-69.2,,,,False
12.39999,80.16,-383.3,,,,False
12.39999,80.18,-254.7,,,,False
12.39999,80.2,-387.8,,,,False
12.39999,80.28,-372.0,,,,False
12.37999,80.0,-76.6,,,,False
12.37999,80.02,-87.6,,,,False
12.37999,80.04,-85.2,,,,False
12.37999,80.06,-83.1,,,,False
12.37999,80.08,-87.7,,,,False
12.37999,80.1,-68.8,,,,False
12.37999,80.12,-212.0,,,,False
12.37999,80.18,-383.6,,,,False
12.37999,80.28,-316.3,,,,False
12.35999,80.0,-83.5,,,,False
12.35999,80.02,-82.9,,,,False
12.35999,80.04,-91.0,,,,False
12.35999,80.06,-88.1,,,,False
12.35999,80.08,-39.1,,,,False
12.35999,80.1,-144.7,,,,False
12.35999,80.12,-185.8,,,,False
12.35999,80.14,-179.6,,,,False
12.35999,80.16,-259.0,,,,False
12.35999,80.18,-358.4,,,,False
12.35999,80.2,-369.9,,,,False
12.35999,80.28,-230.1,,,,False
12.33999,80.0,-88.6,,,,False
12.33999,80.02,-89.8,,,,False
12.33999,80.04,-88.7,,,,False
12.33999,80.06,-85.6,,,,False
12.33999,80.08,-88.3,,,,False
12.33999,80.1,-51.5,,,,False
12.33999,80.12,-164.0,,,,False
12.33999,80.14,-81.7,,,,False
12.33999,80.18,-205.4,,,,False
12.33999,80.2,-264.1,,,,False
12.33999,80.22,-366.1,,,,False
12.33999,80.24,-357.5,,,,False
12.33999,80.26,-333.5,,,,False
12.33999,80.28,-68.8,,,,False
12.31999,80.0,-88.9,,,,False
12.31999,80.02,-81.5,,,,False
12.31999,80.04,-84.8,,,,False
12.31999,80.06,-73.3,,,,False
12.31999,80.08,-126.3,,,,False
12.31999,80.1,-114.0,,,,False
12.31999,80.12,-193.4,,,,False
12.31999,80.14,-271.9,,,,False
12.31999,80.16,-329.8,,,,False
12.31999,80.18,-215.7,,,,False
12.31999,80.2,-279.3,,,,False
12.31999,80.22,-246.1,,,,False
12.31999,80.24,-110.3,,,,False
12.31999,80.26,-362.5,,,,False
12.29999,80.0,-82.9,,,,False
12.29999,80.02,-84.6,,,,False
12.29999,80.04,-109.7,,,,False
12.29999,80.06,-177.8,,,,False
12.29999,80.08,-124.0,,,,False
12.29999,80.1,-54.2,,,,False
12.29999,80.12,-132.1,,,,False
12.29999,80.14,-170.9,,,,False
12.29999,80.16,-158.0,,,,False
12.29999,80.18,-100.9,,,,False
12.29999,80.2,-31.7,,,,False
12.29999,80.22,-74.9,,,,False
12.29999,80.24,102.4,,,,False
12.29999,80.26,-126.0,,,,False
12.27999,80.0,-85.8,,,,False
12.27999,80.02,-87.3,,,,False
12.27999,80.04,-206.4,,,,False
12.27999,80.06,-3.0,,,,False
12.27999,80.08,104.3,,,,False
12.27999,80.1,-150.4,,,,False
12.27999,80.12,-102.2,,,,False
12.27999,80.14,-162.4,,,,False
12.27999,80.16,-265.8,,,,False
12.27999,80.18,-255.4,,,,False
12.27999,80.2,-91.4,,,,False
12.27999,80.22,-31.5,,,,False
12.27999,80.24,-153.7,,,,False
12.27999,80.26,-227.4,,,,False
12.25999,80.0,-89.9,,,,False
12.25999,80.02,-97.0,,,,False
12.25999,80.04,-114.3,,,,False
12.25999,80.1,45.3,,,,False
12.25999,80.12,-3.4,,,,False
12.25999,80.14,-9.1,,,,False
12.25999,80.16,-84.5,,,,False
12.25999,80.18,-82.2,,,,False
12.25999,80.2,-8.9,,,,False
12.25999,80.22,-70.0,,,,False
12.25999,80.24,-96.7,,,,False
12.25999,80.26,92.6,,,,False
12.23999,80.0,-98.0,,,,False
12.23999,80.02,-124.4,,,,False
12.23999,80.04,-168.1,,,,False
12.23999,80.2,43.4,,,,False
12.23999,80.22,32.7,,,,False
12.23999,80.24,49.1,,,,False
12.21999,80.0,-218.1,,,,False
12.21999,80.02,-296.4,,,,False
12.19999,80.0,-164.8,,,,False
12.17999,80.0,-308.9,,,,False
12.13999,80.0,-389.8,,,,False
12.05999,80.0,-385.0,,,,False
12.03999,80.0,-225.8,,,,False
12.01999,80.0,-199.4,,,,False
