latitude,longitude,elevation_m
13.99999,80.0,-72.8
13.99999,80.02,-74.9
13.99999,80.04,-80.3
13.99999,80.06,-78.6
13.99999,80.08,-79.2
13.99999,80.1,-83.1
13.99999,80.12,-83.8
13.99999,80.14,-86.4
13.99999,80.16,-87.3
13.99999,80.18,-204.6
13.99999,80.24,-309.5
13.99999,80.26,-258.0
13.99999,80.28,-260.1
13.99999,80.3,-255.0
13.99999,80.32,-188.1
13.99999,80.34,-130.2
13.97999,80.0,-73.3
13.97999,80.02,-77.9
13.97999,80.04,-79.4
13.97999,80.06,-79.8
13.97999,80.08,-81.4
13.97999,80.1,-83.4
13.97999,80.12,-82.9
13.97999,80.14,-85.9
13.97999,80.16,-86.6
13.97999,80.18,-385.8
13.97999,80.26,-343.8
13.97999,80.28,-276.2
13.97999,80.3,-249.8
13.97999,80.32,-157.2
13.97999,80.34,-27.6
13.95999,80.0,-70.0
13.95999,80.02,-74.5
13.95999,80.04,-76.2
13.95999,80.06,-79.8
13.95999,80.08,-82.7
13.95999,80.1,-84.6
13.95999,80.12,-84.1
13.95999,80.14,-86.0
13.95999,80.16,-87.7
13.95999,80.18,-84.2
13.95999,80.2,-363.8
13.95999,80.26,-366.7
13.95999,80.28,-298.2
13.95999,80.3,-306.6
13.95999,80.32,-299.7
13.95999,80.34,-304.2
13.95999,80.36,-372.7
13.95999,80.38,-398.1
13.93999,80.0,-63.3
13.93999,80.02,-74.8
13.93999,80.04,-77.1
13.93999,80.06,-80.1
13.93999,80.08,-81.3
13.93999,80.1,-85.7
13.93999,80.12,-84.5
13.93999,80.14,-84.7
13.93999,80.16,-87.5
13.93999,80.18,-86.3
13.93999,80.2,-149.2
13.93999,80.22,-222.8
13.93999,80.26,-354.8
13.93999,80.28,-266.3
13.93999,80.3,-376.1
13.93999,80.36,-389.8
13.91999,80.0,-60.5
13.91999,80.02,-72.2
13.91999,80.04,-76.7
13.91999,80.06,-81.6
13.91999,80.08,-83.7
13.91999,80.1,-84.5
13.91999,80.12,-85.7
13.91999,80.14,-87.4
13.91999,80.16,-87.2
13.91999,80.18,-85.7
13.91999,80.2,-134.3
13.91999,80.22,-141.2
13.91999,80.24,-346.0
13.91999,80.26,-266.5
13.91999,80.28,-43.2
13.91999,80.36,-383.8
13.89999,80.0,-62.4
13.89999,80.02,-68.4
13.89999,80.04,-75.4
13.89999,80.06,-80.7
13.89999,80.08,-85.4
13.89999,80.1,-86.9
13.89999,80.12,-86.5
13.89999,80.14,-86.8
13.89999,80.16,-87.1
13.89999,80.18,-87.5
13.89999,80.2,-84.5
13.89999,80.22,-68.4
13.89999,80.24,-236.8
13.89999,80.26,-209.5
13.89999,80.28,-226.4
13.89999,80.3,-294.1
13.89999,80.32,-306.7
13.89999,80.36,-327.4
13.87999,80.0,-63.2
13.87999,80.02,-74.4
13.87999,80.04,-78.5
13.87999,80.06,-83.6
13.87999,80.08,-86.9
13.87999,80.1,-86.1
13.87999,80.12,-85.5
13.87999,80.14,-87.3
13.87999,80.16,-86.3
13.87999,80.18,-84.4
13.87999,80.2,-83.0
13.87999,80.22,-95.3
13.87999,80.24,12.4
13.87999,80.26,-0.4
13.87999,80.28,-3.0
13.87999,80.3,-57.5
13.87999,80.32,2.9
13.87999,80.34,-140.8
13.87999,80.36,-372.4
13.85999,80.0,-75.2
13.85999,80.02,-72.4
13.85999,80.04,-80.7
13.85999,80.06,-87.3
13.85999,80.08,-87.7
13.85999,80.1,-84.9
13.85999,80.12,-85.9
13.85999,80.14,-93.3
13.85999,80.16,-85.7
13.85999,80.18,-87.0
13.85999,80.2,-87.0
13.85999,80.22,-86.2
13.85999,80.24,-68.0
13.85999,80.26,-26.3
13.85999,80.28,-148.8
13.85999,80.3,-32.5
13.85999,80.32,-69.4
13.85999,80.34,-111.3
13.85999,80.36,-399.2
13.83999,80.0,-73.2
13.83999,80.02,-83.1
13.83999,80.04,-84.4
13.83999,80.06,-85.9
13.83999,80.08,-86.9
13.83999,80.1,-87.1
13.83999,80.12,-87.5
13.83999,80.14,-87.1
13.83999,80.16,-85.9
13.83999,80.18,-87.6
13.83999,80.2,-87.4
13.83999,80.22,-85.8
13.83999,80.24,-148.9
13.83999,80.26,-147.0
13.83999,80.28,-61.8
13.83999,80.3,-95.1
13.83999,80.32,96.4
13.83999,80.34,-201.2
13.81999,80.0,-64.3
13.81999,80.02,-79.1
13.81999,80.04,-85.6
13.81999,80.06,-86.3
13.81999,80.08,-86.1
13.81999,80.1,-87.1
13.81999,80.12,-87.3
13.81999,80.14,-89.1
13.81999,80.16,-86.9
13.81999,80.18,-90.1
13.81999,80.2,-87.5
13.81999,80.22,-87.2
13.81999,80.24,-87.1
13.81999,80.26,-112.3
13.81999,80.28,-124.4
13.81999,80.3,-278.7
13.81999,80.34,-195.2
13.81999,80.36,-335.1
13.79999,80.0,-64.5
13.79999,80.02,-80.0
13.79999,80.04,-85.2
13.79999,80.06,-87.0
13.79999,80.08,-85.9
13.79999,80.1,-87.3
13.79999,80.12,-86.8
13.79999,80.14,-87.1
13.79999,80.16,-87.1
13.79999,80.18,-95.7
13.79999,80.2,-85.9
13.79999,80.22,-84.7
13.79999,80.24,-83.6
13.79999,80.26,-180.8
13.79999,80.28,-261.8
13.79999,80.3,145.2
13.79999,80.34,-214.7
13.79999,80.36,-149.2
13.77999,80.0,-65.3
13.77999,80.02,-81.7
13.77999,80.04,-87.1
13.77999,80.06,-86.7
13.77999,80.08,-86.8
13.77999,80.1,-92.3
13.77999,80.12,-87.6
13.77999,80.14,-86.3
13.77999,80.16,-87.9
13.77999,80.18,-90.2
13.77999,80.2,-82.7
13.77999,80.22,-81.5
13.77999,80.24,-86.0
13.77999,80.26,-60.3
13.77999,80.28,-63.9
13.77999,80.3,202.8
13.77999,80.32,-375.4
13.77999,80.34,-394.2
13.77999,80.36,-352.2
13.75999,80.0,-73.3
13.75999,80.02,-81.2
13.75999,80.04,-85.4
13.75999,80.06,-87.6
13.75999,80.08,-85.4
13.75999,80.1,-89.4
13.75999,80.12,-87.6
13.75999,80.14,-88.2
13.75999,80.16,-89.9
13.75999,80.18,-88.4
13.75999,80.2,-77.3
13.75999,80.22,-84.8
13.75999,80.24,-84.9
13.75999,80.26,-59.3
13.75999,80.28,-243.4
13.75999,80.3,-382.8
13.73999,80.0,-81.0
13.73999,80.02,-80.2
13.73999,80.04,-86.2
13.73999,80.06,-87.7
13.73999,80.08,-88.4
13.73999,80.1,-89.0
13.73999,80.12,-88.4
13.73999,80.14,-88.1
13.73999,80.16,-94.8
13.73999,80.18,-84.4
13.73999,80.2,-77.9
13.73999,80.22,-84.6
13.73999,80.24,-85.9
13.73999,80.26,-230.4
13.73999,80.28,-259.8
13.71999,80.0,-86.5
13.71999,80.02,-87.0
13.71999,80.04,-86.6
13.71999,80.06,-89.0
13.71999,80.08,-87.2
13.71999,80.1,-88.9
13.71999,80.12,-88.6
13.71999,80.14,-87.8
13.71999,80.16,-88.0
13.71999,80.18,-84.6
13.71999,80.2,-84.0
13.71999,80.22,-84.7
13.71999,80.24,-124.4
13.71999,80.26,-319.7
13.69999,80.0,-84.8
13.69999,80.02,-77.7
13.69999,80.04,-87.4
13.69999,80.06,-88.9
13.69999,80.08,-87.7
13.69999,80.1,-89.8
13.69999,80.12,-89.1
13.69999,80.14,-90.2
13.69999,80.16,-90.5
13.69999,80.18,-85.3
13.69999,80.2,-83.6
13.69999,80.22,-87.6
13.69999,80.24,-246.0
13.69999,80.26,-257.4
13.69999,80.28,-363.5
13.67999,80.0,-85.5
13.67999,80.02,-85.7
13.67999,80.04,-87.8
13.67999,80.06,-88.2
13.67999,80.08,-89.8
13.67999,80.1,-89.7
13.67999,80.12,-90.2
13.67999,80.14,-89.4
13.67999,80.16,-89.6
13.67999,80.18,-89.3
13.67999,80.2,-84.3
13.67999,80.22,-87.5
13.67999,80.24,-152.3
13.67999,80.26,-286.4
13.67999,80.28,-240.2
13.67999,80.3,-345.1
13.65999,80.0,-79.5
13.65999,80.02,-88.4
13.65999,80.04,-88.6
13.65999,80.06,-88.0
13.65999,80.08,-88.1
13.65999,80.1,-90.3
13.65999,80.12,-95.6
13.65999,80.14,-86.9
13.65999,80.16,-93.3
13.65999,80.18,-89.7
13.65999,80.2,-86.9
13.65999,80.22,-86.2
13.65999,80.24,-121.0
13.65999,80.26,-345.4
13.65999,80.3,-332.5
13.63999,80.0,-80.4
13.63999,80.02,-84.8
13.63999,80.04,-88.4
13.63999,80.06,-89.2
13.63999,80.08,-92.0
13.63999,80.1,-90.1
13.63999,80.12,-87.6
13.63999,80.14,-88.8
13.63999,80.16,-90.4
13.63999,80.18,-101.8
13.63999,80.2,-87.3
13.63999,80.22,-86.1
13.63999,80.24,-124.4
13.63999,80.26,-294.4
13.63999,80.3,-303.5
13.63999,80.34,-40.2
13.63999,80.36,440.3
13.63999,80.38,521.9
13.63999,80.4,577.8
13.63999,80.42,679.4
13.63999,80.44,185.8
13.61999,80.0,-77.5
13.61999,80.02,-87.8
13.61999,80.04,-91.1
13.61999,80.06,-89.5
13.61999,80.08,-115.9
13.61999,80.1,-109.3
13.61999,80.12,-90.6
13.61999,80.14,-89.0
13.61999,80.16,-114.8
13.61999,80.18,-101.6
13.61999,80.2,-129.4
13.61999,80.22,-89.4
13.61999,80.24,-89.2
13.61999,80.26,-85.0
13.61999,80.28,-354.5
13.61999,80.3,-79.2
13.61999,80.32,-209.8
13.61999,80.34,165.1
13.61999,80.36,457.1
13.61999,80.38,630.5
13.61999,80.4,805.9
13.61999,80.42,817.3
13.61999,80.44,353.9
13.61999,80.46,-292.9
13.61999,80.48,661.0
13.61999,80.5,978.9
13.61999,80.52,936.3
13.59999,80.0,-73.1
13.59999,80.02,-86.9
13.59999,80.04,-90.0
13.59999,80.06,-90.4
13.59999,80.08,-94.3
13.59999,80.1,-94.8
13.59999,80.12,-91.9
13.59999,80.14,-89.2
13.59999,80.16,-89.6
13.59999,80.18,-103.0
13.59999,80.2,-139.3
13.59999,80.22,-141.7
13.59999,80.24,-87.8
13.59999,80.26,-88.0
13.59999,80.28,-109.0
13.59999,80.3,-240.0
13.59999,80.32,214.2
13.59999,80.34,326.3
13.59999,80.36,596.4
13.59999,80.38,689.2
13.59999,80.4,801.9
13.59999,80.42,741.1
13.59999,80.44,522.0
13.59999,80.46,-97.9
13.59999,80.48,976.3
13.59999,80.5,628.1
13.59999,80.52,628.9
13.59999,80.54,799.7
13.57999,80.0,-81.8
13.57999,80.02,-80.2
13.57999,80.04,-77.7
13.57999,80.06,-94.9
13.57999,80.08,-162.1
13.57999,80.1,-149.9
13.57999,80.12,-130.6
13.57999,80.14,-87.6
13.57999,80.16,-89.7
13.57999,80.18,-137.3
13.57999,80.2,-185.0
13.57999,80.22,-165.4
13.57999,80.24,-101.9
13.57999,80.26,-87.8
13.57999,80.28,-77.1
13.57999,80.3,-336.3
13.57999,80.32,376.4
13.57999,80.34,562.2
13.57999,80.36,437.3
13.57999,80.38,803.1
13.57999,80.4,54.2
13.57999,80.42,-100.8
13.57999,80.44,-180.3
13.57999,80.46,-393.0
13.57999,80.48,792.2
13.57999,80.5,819.8
13.57999,80.52,763.0
13.55999,80.0,-75.1
13.55999,80.02,-79.4
13.55999,80.04,-75.3
13.55999,80.06,-83.7
13.55999,80.08,-95.7
13.55999,80.1,-102.6
13.55999,80.12,-75.7
13.55999,80.14,-89.0
13.55999,80.16,-94.7
13.55999,80.18,-89.6
13.55999,80.2,-110.5
13.55999,80.22,-210.1
13.55999,80.24,-107.8
13.55999,80.26,-83.5
13.55999,80.28,-118.3
13.55999,80.3,12.0
13.55999,80.32,391.9
13.55999,80.34,534.8
13.55999,80.36,692.3
13.55999,80.38,776.7
13.55999,80.4,-200.4
13.55999,80.42,-108.3
13.55999,80.44,-307.7
13.55999,80.46,-292.6
13.55999,80.48,-137.6
13.55999,80.5,910.6
13.55999,80.52,940.4
13.53999,80.0,-67.1
13.53999,80.02,-78.1
13.53999,80.04,-68.0
13.53999,80.06,-80.5
13.53999,80.08,-85.5
13.53999,80.1,-99.6
13.53999,80.12,-104.8
13.53999,80.14,-95.6
13.53999,80.16,-147.4
13.53999,80.18,-106.7
13.53999,80.2,-121.5
13.53999,80.22,-201.3
13.53999,80.24,-92.9
13.53999,80.26,-88.9
13.53999,80.28,-80.4
13.53999,80.3,28.6
13.53999,80.32,470.4
13.53999,80.34,548.9
13.53999,80.36,598.7
13.53999,80.38,750.1
13.53999,80.4,-278.9
13.53999,80.42,-151.0
13.53999,80.44,25.9
13.53999,80.46,-266.4
13.53999,80.48,-56.7
13.53999,80.5,902.0
13.53999,80.52,981.7
13.51999,80.0,-71.0
13.51999,80.02,-69.8
13.51999,80.04,-64.9
13.51999,80.06,-76.1
13.51999,80.08,-82.0
13.51999,80.1,-91.1
13.51999,80.12,-89.9
13.51999,80.14,-86.4
13.51999,80.16,-130.1
13.51999,80.18,-97.5
13.51999,80.2,-104.4
13.51999,80.22,-126.9
13.51999,80.24,-97.8
13.51999,80.26,-91.6
13.51999,80.28,-87.5
13.51999,80.3,149.9
13.51999,80.32,-100.0
13.51999,80.34,112.7
13.51999,80.36,785.1
13.51999,80.38,931.5
13.51999,80.4,-274.0
13.51999,80.42,-327.7
13.51999,80.44,-154.5
13.51999,80.48,-272.9
13.51999,80.5,1045.0
13.51999,80.52,1055.7
13.49999,80.0,-66.5
13.49999,80.02,-75.9
13.49999,80.04,-77.8
13.49999,80.06,-82.0
13.49999,80.08,-87.7
13.49999,80.1,-91.0
13.49999,80.12,-88.8
13.49999,80.14,-90.9
13.49999,80.16,-119.3
13.49999,80.18,-90.9
13.49999,80.2,-97.2
13.49999,80.22,-88.2
13.49999,80.24,-87.8
13.49999,80.26,-93.8
13.49999,80.28,-87.5
13.49999,80.3,-135.6
13.49999,80.32,-277.6
13.49999,80.34,296.1
13.49999,80.36,373.6
13.49999,80.38,417.4
13.49999,80.4,-279.3
13.49999,80.42,-234.0
13.49999,80.44,-308.4
13.49999,80.46,-236.3
13.49999,80.48,-221.1
13.49999,80.5,964.5
13.49999,80.52,1004.5
13.47999,80.0,-58.7
13.47999,80.02,-69.4
13.47999,80.04,-77.5
13.47999,80.06,-83.5
13.47999,80.08,-84.8
13.47999,80.1,-90.3
13.47999,80.12,-85.5
13.47999,80.14,-88.4
13.47999,80.16,-87.9
13.47999,80.18,-89.2
13.47999,80.2,-88.8
13.47999,80.22,-89.0
13.47999,80.24,-90.0
13.47999,80.26,-86.1
13.47999,80.28,-89.9
13.47999,80.3,-97.1
13.47999,80.32,-135.9
13.47999,80.34,611.4
13.47999,80.36,487.0
13.47999,80.38,-250.1
13.47999,80.4,-380.1
13.47999,80.42,-229.0
13.47999,80.44,-274.3
13.47999,80.46,-293.5
13.47999,80.48,-145.7
13.47999,80.5,768.5
13.45999,80.0,-69.2
13.45999,80.02,-77.6
13.45999,80.04,-80.0
13.45999,80.06,-86.6
13.45999,80.08,-89.2
13.45999,80.1,-86.3
13.45999,80.12,-80.2
13.45999,80.14,-83.1
13.45999,80.16,-85.6
13.45999,80.18,-87.1
13.45999,80.2,-87.6
13.45999,80.22,-89.2
13.45999,80.24,-89.1
13.45999,80.26,-88.2
13.45999,80.28,-94.2
13.45999,80.3,-90.9
13.45999,80.32,-91.7
13.45999,80.34,674.2
13.45999,80.36,561.7
13.45999,80.38,-76.0
13.45999,80.42,-275.9
13.45999,80.44,-261.6
13.45999,80.46,-327.5
13.45999,80.48,-361.4
13.45999,80.5,1107.0
13.43999,80.0,-61.1
13.43999,80.02,-62.3
13.43999,80.04,-74.8
13.43999,80.06,-75.4
13.43999,80.08,-74.3
13.43999,80.1,-84.7
13.43999,80.12,-77.8
13.43999,80.14,-78.8
13.43999,80.16,-83.4
13.43999,80.18,-85.7
13.43999,80.2,-86.7
13.43999,80.22,-88.5
13.43999,80.24,-89.2
13.43999,80.26,-90.0
13.43999,80.28,-91.8
13.43999,80.3,-92.2
13.43999,80.32,-92.1
13.43999,80.34,-158.9
13.43999,80.36,664.5
13.43999,80.38,23.8
13.43999,80.4,-397.4
13.43999,80.42,-331.8
13.43999,80.44,-276.6
13.43999,80.46,-273.8
13.43999,80.48,1080.5
13.43999,80.5,284.9
13.41999,80.0,-56.8
13.41999,80.02,-66.3
13.41999,80.04,-72.8
13.41999,80.06,-74.3
13.41999,80.08,-78.4
13.41999,80.1,-73.8
13.41999,80.12,-77.9
13.41999,80.14,-80.6
13.41999,80.16,-84.7
13.41999,80.18,-85.6
13.41999,80.2,-86.7
13.41999,80.22,-87.2
13.41999,80.24,-89.6
13.41999,80.26,-91.1
13.41999,80.28,-88.7
13.41999,80.3,-91.9
13.41999,80.32,-92.7
13.41999,80.34,-78.9
13.41999,80.36,410.6
13.41999,80.38,-1.6
13.41999,80.4,-240.3
13.41999,80.42,-282.2
13.41999,80.44,-393.2
13.41999,80.46,-139.1
13.41999,80.48,731.4
13.41999,80.5,156.9
13.39999,80.0,-59.2
13.39999,80.02,-73.2
13.39999,80.04,-75.1
13.39999,80.06,-70.2
13.39999,80.08,-73.6
13.39999,80.1,-69.4
13.39999,80.12,-71.7
13.39999,80.14,-79.6
13.39999,80.16,-84.3
13.39999,80.18,-85.7
13.39999,80.2,-86.5
13.39999,80.22,-87.1
13.39999,80.24,-88.0
13.39999,80.26,-89.2
13.39999,80.28,-88.1
13.39999,80.3,-89.0
13.39999,80.32,-88.9
13.39999,80.34,-207.6
13.39999,80.36,-181.7
13.39999,80.38,-397.6
13.39999,80.4,-390.9
13.39999,80.42,-203.4
13.39999,80.46,-128.0
13.39999,80.48,-368.7
13.37999,80.0,-66.2
13.37999,80.02,-64.6
13.37999,80.04,-61.8
13.37999,80.06,-61.4
13.37999,80.08,-64.4
13.37999,80.1,-68.9
13.37999,80.12,-72.4
13.37999,80.14,-77.6
13.37999,80.16,-80.6
13.37999,80.18,-83.5
13.37999,80.2,-84.1
13.37999,80.22,-85.5
13.37999,80.24,-87.7
13.37999,80.26,-88.3
13.37999,80.28,-87.2
13.37999,80.3,-88.5
13.37999,80.32,-89.1
13.37999,80.34,-157.5
13.37999,80.36,-325.9
13.37999,80.38,-247.4
13.37999,80.4,-161.3
13.37999,80.42,-229.5
13.37999,80.44,-234.1
13.37999,80.46,-320.9
13.37999,80.48,-297.6
13.37999,80.5,-212.5
13.35999,80.0,-52.3
13.35999,80.02,-55.1
13.35999,80.04,-59.7
13.35999,80.06,-63.9
13.35999,80.08,-68.5
13.35999,80.1,-71.3
13.35999,80.12,-74.5
13.35999,80.14,-76.5
13.35999,80.16,-80.2
13.35999,80.18,-83.7
13.35999,80.2,-84.1
13.35999,80.22,-85.1
13.35999,80.24,-87.8
13.35999,80.26,-87.4
13.35999,80.28,-87.8
13.35999,80.3,-88.5
13.35999,80.32,-87.4
13.35999,80.34,-102.0
13.35999,80.36,-200.9
13.35999,80.38,-113.3
13.35999,80.4,-132.6
13.35999,80.42,-247.1
13.35999,80.44,-275.3
13.35999,80.46,-275.2
13.35999,80.48,-174.8
13.33999,80.0,-56.5
13.33999,80.02,-60.0
13.33999,80.04,-67.7
13.33999,80.06,-68.8
13.33999,80.08,-68.8
13.33999,80.1,-72.9
13.33999,80.12,-76.0
13.33999,80.14,-77.5
13.33999,80.16,-78.4
13.33999,80.18,-80.8
13.33999,80.2,-81.4
13.33999,80.22,-87.3
13.33999,80.24,-86.8
13.33999,80.26,-88.1
13.33999,80.28,-86.6
13.33999,80.3,-89.2
13.33999,80.32,-91.2
13.33999,80.34,-88.3
13.33999,80.36,-154.0
13.33999,80.38,-187.4
13.33999,80.4,-70.3
13.33999,80.42,-113.4
13.33999,80.44,-270.1
13.33999,80.46,-125.5
13.33999,80.48,-278.8
13.31999,80.0,-59.7
13.31999,80.02,-61.5
13.31999,80.04,-64.8
13.31999,80.06,-67.3
13.31999,80.08,-69.8
13.31999,80.1,-72.6
13.31999,80.12,-72.9
13.31999,80.14,-77.1
13.31999,80.16,-79.3
13.31999,80.18,-79.7
13.31999,80.2,-82.0
13.31999,80.22,-84.2
13.31999,80.24,-86.5
13.31999,80.26,-82.7
13.31999,80.28,-86.9
13.31999,80.3,-89.9
13.31999,80.32,-90.5
13.31999,80.34,-87.9
13.31999,80.36,-141.3
13.31999,80.38,-266.2
13.31999,80.4,-100.2
13.31999,80.42,-231.0
13.31999,80.44,-232.9
13.31999,80.46,-77.6
13.31999,80.48,-203.2
13.29999,80.0,-59.5
13.29999,80.02,-66.9
13.29999,80.04,-63.9
13.29999,80.06,-69.1
13.29999,80.08,-70.7
13.29999,80.1,-72.8
13.29999,80.12,-75.4
13.29999,80.14,-77.5
13.29999,80.16,-66.6
13.29999,80.18,-79.5
13.29999,80.2,-82.0
13.29999,80.22,-82.5
13.29999,80.24,-83.8
13.29999,80.26,-84.5
13.29999,80.28,-88.2
13.29999,80.3,-88.8
13.29999,80.32,-91.5
13.29999,80.34,-88.1
13.29999,80.36,-274.7
13.29999,80.38,-113.8
13.29999,80.4,-185.3
13.29999,80.42,-133.4
13.29999,80.44,-103.3
13.29999,80.46,-87.6
13.29999,80.48,-115.0
13.27999,80.0,-57.2
13.27999,80.02,-64.2
13.27999,80.04,-67.0
13.27999,80.06,-69.6
13.27999,80.08,-69.9
13.27999,80.1,-73.3
13.27999,80.12,-74.5
13.27999,80.14,-75.7
13.27999,80.16,-76.9
13.27999,80.18,-79.0
13.27999,80.2,-86.8
13.27999,80.22,-82.7
13.27999,80.24,-84.5
13.27999,80.26,-81.3
13.27999,80.28,-87.7
13.27999,80.3,-88.6
13.27999,80.32,-87.0
13.27999,80.34,-88.5
13.27999,80.36,-233.4
13.27999,80.4,-216.0
13.27999,80.42,-180.9
13.27999,80.44,-212.8
13.27999,80.46,-215.0
13.27999,80.48,-124.0
13.25999,80.0,-49.4
13.25999,80.02,-64.5
13.25999,80.04,-66.3
13.25999,80.06,-68.4
13.25999,80.08,-66.2
13.25999,80.1,-72.5
13.25999,80.12,-73.8
13.25999,80.14,-77.6
13.25999,80.16,-87.1
13.25999,80.18,-78.5
13.25999,80.2,-77.4
13.25999,80.22,-83.5
13.25999,80.24,-86.0
13.25999,80.26,-84.2
13.25999,80.28,-87.0
13.25999,80.3,-88.4
13.25999,80.32,-91.0
13.25999,80.34,-87.5
13.25999,80.36,-167.1
13.25999,80.38,-219.4
13.25999,80.4,-138.9
13.25999,80.42,-63.5
13.25999,80.44,-6.5
13.25999,80.46,-182.5
13.23999,80.0,-64.3
13.23999,80.02,-66.1
13.23999,80.04,-67.4
13.23999,80.06,-66.8
13.23999,80.08,-69.3
13.23999,80.1,-72.1
13.23999,80.12,-70.7
13.23999,80.14,-71.3
13.23999,80.16,-75.6
13.23999,80.18,-77.0
13.23999,80.2,-79.7
13.23999,80.22,-82.2
13.23999,80.24,-85.3
13.23999,80.26,-86.3
13.23999,80.28,-87.7
13.23999,80.3,-87.3
13.23999,80.32,-87.5
13.23999,80.34,-100.8
13.23999,80.38,-329.5
13.23999,80.4,-147.9
13.23999,80.42,-215.2
13.23999,80.44,-285.8
13.23999,80.46,-316.2
13.21999,80.0,-63.8
13.21999,80.02,-65.2
13.21999,80.04,-68.9
13.21999,80.06,-69.5
13.21999,80.08,-71.8
13.21999,80.1,-68.9
13.21999,80.12,-66.0
13.21999,80.14,-75.4
13.21999,80.16,-75.5
13.21999,80.18,-79.8
13.21999,80.2,-81.3
13.21999,80.22,-83.5
13.21999,80.24,-84.0
13.21999,80.26,-87.8
13.21999,80.28,-89.1
13.21999,80.3,-90.6
13.21999,80.32,-84.2
13.21999,80.34,36.5
13.21999,80.36,-31.2
13.21999,80.38,-122.6
13.21999,80.4,-125.3
13.21999,80.42,-123.6
13.21999,80.44,-155.6
13.21999,80.46,-81.0
13.19999,80.0,-66.0
13.19999,80.02,-66.6
13.19999,80.04,-67.1
13.19999,80.06,-64.6
13.19999,80.08,-68.2
13.19999,80.1,-57.2
13.19999,80.12,-60.8
13.19999,80.14,-58.9
13.19999,80.16,-66.9
13.19999,80.18,-72.4
13.19999,80.2,-82.4
13.19999,80.22,-85.3
13.19999,80.24,-86.1
13.19999,80.26,-88.0
13.19999,80.28,-88.8
13.19999,80.3,-89.3
13.19999,80.32,-88.6
13.19999,80.34,-124.4
13.19999,80.38,-186.3
13.19999,80.4,-259.6
13.19999,80.42,-295.3
13.17999,80.0,-63.7
13.17999,80.02,-61.7
13.17999,80.04,-64.2
13.17999,80.06,-67.8
13.17999,80.08,-68.5
13.17999,80.1,-57.1
13.17999,80.12,-58.9
13.17999,80.14,-54.4
13.17999,80.16,-77.0
13.17999,80.18,-82.7
13.17999,80.2,-82.1
13.17999,80.22,-85.5
13.17999,80.24,-88.8
13.17999,80.26,-88.0
13.17999,80.28,-87.8
13.17999,80.3,-83.2
13.17999,80.32,3.0
13.17999,80.38,-351.1
13.17999,80.4,-21.2
13.17999,80.42,-200.2
13.17999,80.44,-345.4
13.15999,80.0,-58.6
13.15999,80.02,-62.3
13.15999,80.04,-64.9
13.15999,80.06,-66.9
13.15999,80.08,-58.2
13.15999,80.1,-63.8
13.15999,80.12,-73.9
13.15999,80.14,-71.8
13.15999,80.16,-78.0
13.15999,80.18,-154.0
13.15999,80.2,-71.7
13.15999,80.22,-86.7
13.15999,80.24,-87.8
13.15999,80.26,-84.9
13.15999,80.28,-83.5
13.15999,80.3,-79.0
13.15999,80.32,-107.0
13.15999,80.34,-146.3
13.15999,80.36,-379.7
13.15999,80.38,-120.5
13.15999,80.4,-130.7
13.15999,80.42,-39.8
13.15999,80.44,-392.6
13.13999,80.0,-58.6
13.13999,80.02,-61.5
13.13999,80.04,-61.4
13.13999,80.06,-53.8
13.13999,80.08,-58.9
13.13999,80.1,-67.2
13.13999,80.12,-71.1
13.13999,80.14,-73.0
13.13999,80.16,-75.8
13.13999,80.18,-76.2
13.13999,80.2,-80.6
13.13999,80.22,-85.1
13.13999,80.24,-80.3
13.13999,80.26,-88.4
13.13999,80.28,-84.4
13.13999,80.3,-109.1
13.13999,80.32,-167.8
13.13999,80.34,-91.2
13.13999,80.36,-308.6
13.13999,80.38,-387.4
13.13999,80.4,-204.3
13.13999,80.42,-96.2
13.13999,80.44,-176.4
13.11999,80.0,-51.3
13.11999,80.02,-61.1
13.11999,80.04,-63.1
13.11999,80.06,-57.4
13.11999,80.08,-64.3
13.11999,80.1,-61.4
13.11999,80.12,-69.6
13.11999,80.14,-73.0
13.11999,80.16,-71.3
13.11999,80.18,-81.1
13.11999,80.2,-81.6
13.11999,80.22,-80.7
13.11999,80.24,-85.6
13.11999,80.26,-85.3
13.11999,80.28,-82.0
13.11999,80.3,-87.1
13.11999,80.32,-179.1
13.11999,80.34,-264.5
13.11999,80.36,-213.6
13.11999,80.38,-323.2
13.11999,80.4,32.4
13.11999,80.42,102.6
13.11999,80.44,-277.6
13.09999,80.0,-54.7
13.09999,80.02,-62.1
13.09999,80.04,-64.5
13.09999,80.06,-66.4
13.09999,80.08,-71.2
13.09999,80.1,-70.1
13.09999,80.12,-74.5
13.09999,80.14,-73.3
13.09999,80.16,-75.9
13.09999,80.18,-77.2
13.09999,80.2,-76.7
13.09999,80.22,-83.3
13.09999,80.24,-79.1
13.09999,80.26,-83.3
13.09999,80.28,-73.3
13.09999,80.3,-88.2
13.09999,80.32,-148.2
13.09999,80.34,-105.5
13.09999,80.36,-250.7
13.09999,80.38,-145.7
13.09999,80.4,-1.7
13.09999,80.42,-310.5
13.09999,80.44,-194.7
13.07999,80.0,-59.0
13.07999,80.02,-61.4
13.07999,80.04,-63.3
13.07999,80.06,-65.9
13.07999,80.08,-69.9
13.07999,80.1,-71.8
13.07999,80.12,-72.4
13.07999,80.14,-77.9
13.07999,80.16,-79.9
13.07999,80.18,-74.7
13.07999,80.2,-79.2
13.07999,80.22,-82.2
13.07999,80.24,-79.9
13.07999,80.26,-81.2
13.07999,80.28,-89.7
13.07999,80.3,-140.3
13.07999,80.34,-286.5
13.07999,80.36,-158.5
13.07999,80.38,-323.8
13.07999,80.4,-20.1
13.05999,80.0,-63.6
13.05999,80.02,-63.5
13.05999,80.04,-66.6
13.05999,80.06,-66.5
13.05999,80.08,-70.3
13.05999,80.1,-73.8
13.05999,80.12,-75.2
13.05999,80.14,-77.4
13.05999,80.16,-79.0
13.05999,80.18,-77.9
13.05999,80.2,-77.0
13.05999,80.22,-77.5
13.05999,80.24,-77.4
13.05999,80.26,-83.7
13.05999,80.28,-87.9
13.05999,80.3,-314.9
13.05999,80.34,-399.6
13.05999,80.36,-219.3
13.05999,80.38,-28.2
13.05999,80.4,-170.0
13.05999,80.42,-369.8
13.03999,80.0,-55.8
13.03999,80.02,-52.1
13.03999,80.04,-64.4
13.03999,80.06,-63.4
13.03999,80.08,-65.3
13.03999,80.1,-70.9
13.03999,80.12,-74.1
13.03999,80.14,-73.7
13.03999,80.16,-75.6
13.03999,80.18,-76.2
13.03999,80.2,-79.3
13.03999,80.22,-77.2
13.03999,80.24,-78.5
13.03999,80.26,-82.7
13.03999,80.28,-89.9
13.03999,80.36,-373.1
13.03999,80.4,-326.3
13.01999,80.0,-62.0
13.01999,80.02,-68.4
13.01999,80.04,-65.9
13.01999,80.06,-65.9
13.01999,80.08,-70.4
13.01999,80.1,-73.1
13.01999,80.12,-75.8
13.01999,80.14,-73.4
13.01999,80.16,-78.8
13.01999,80.18,-69.5
13.01999,80.2,-78.4
13.01999,80.22,-79.2
13.01999,80.24,-84.7
13.01999,80.26,-80.7
13.01999,80.28,-79.1
13.01999,80.34,-336.0
13.01999,80.36,-97.8
13.01999,80.4,-374.0
12.99999,80.0,-54.9
12.99999,80.02,-52.2
12.99999,80.04,-66.5
12.99999,80.06,-137.0
12.99999,80.08,-70.3
12.99999,80.1,-73.5
12.99999,80.12,-77.8
12.99999,80.14,-81.3
12.99999,80.16,-87.1
12.99999,80.18,-85.2
12.99999,80.2,-80.2
12.99999,80.22,-86.5
12.99999,80.24,-83.5
12.99999,80.26,-77.8
12.99999,80.28,-139.3
12.99999,80.3,-200.7
12.99999,80.32,-242.5
12.99999,80.42,-61.8
12.97999,80.0,-60.1
12.97999,80.02,-56.6
12.97999,80.04,-70.3
12.97999,80.06,-70.3
12.97999,80.08,-74.2
12.97999,80.1,-76.3
12.97999,80.12,-76.9
12.97999,80.14,-74.8
12.97999,80.16,-80.0
12.97999,80.18,-76.2
12.97999,80.2,-88.8
12.97999,80.22,-78.3
12.97999,80.24,-86.3
12.97999,80.26,-82.2
12.97999,80.3,-340.1
12.97999,80.4,-326.3
12.95999,80.0,-66.3
12.95999,80.02,-67.7
12.95999,80.04,-67.0
12.95999,80.06,-69.3
12.95999,80.08,-76.6
12.95999,80.1,-79.3
12.95999,80.12,-75.3
12.95999,80.14,-60.4
12.95999,80.16,-77.9
12.95999,80.18,-80.7
12.95999,80.2,-86.5
12.95999,80.22,-91.6
12.95999,80.24,-84.0
12.95999,80.26,-83.3
12.95999,80.32,-369.0
12.95999,80.34,-337.4
12.95999,80.38,-389.1
12.93999,80.0,-66.6
12.93999,80.02,-71.5
12.93999,80.04,-73.5
12.93999,80.06,-75.1
12.93999,80.08,-78.5
12.93999,80.1,-78.1
12.93999,80.12,-67.5
12.93999,80.14,-66.2
12.93999,80.16,-81.1
12.93999,80.18,-82.2
12.93999,80.2,-86.0
12.93999,80.22,-92.0
12.93999,80.24,-89.5
12.93999,80.26,-89.2
12.93999,80.28,-370.5
12.93999,80.3,-317.7
12.93999,80.32,-285.3
12.93999,80.34,-374.8
12.93999,80.36,-349.0
12.91999,80.0,-65.9
12.91999,80.02,-65.3
12.91999,80.04,-71.8
12.91999,80.06,-75.9
12.91999,80.08,-70.7
12.91999,80.1,-74.6
12.91999,80.12,-53.2
12.91999,80.14,-65.9
12.91999,80.16,-74.0
12.91999,80.18,-76.4
12.91999,80.2,-80.4
12.91999,80.22,-92.2
12.91999,80.24,-91.1
12.91999,80.26,-152.7
12.91999,80.32,-351.5
12.91999,80.36,-362.9
12.91999,80.38,-167.2
12.91999,80.4,-102.5
12.89999,80.0,-56.3
12.89999,80.02,-63.7
12.89999,80.04,-69.6
12.89999,80.06,-75.1
12.89999,80.08,-65.5
12.89999,80.1,-63.8
12.89999,80.12,-69.5
12.89999,80.14,-74.6
12.89999,80.16,-75.9
12.89999,80.18,-85.3
12.89999,80.2,-89.6
12.89999,80.22,-91.7
12.89999,80.24,-91.7
12.89999,80.26,-148.3
12.89999,80.28,-273.3
12.89999,80.36,170.3
12.87999,80.0,-54.3
12.87999,80.02,-63.8
12.87999,80.04,-70.5
12.87999,80.06,-69.7
12.87999,80.08,-56.7
12.87999,80.1,-61.9
12.87999,80.12,-73.4
12.87999,80.14,-78.6
12.87999,80.16,-82.3
12.87999,80.18,-87.4
12.87999,80.2,-91.0
12.87999,80.22,-89.0
12.87999,80.24,-91.6
12.87999,80.26,-180.9
12.87999,80.28,-136.8
12.87999,80.3,-177.9
12.85999,80.0,-59.4
12.85999,80.02,-64.7
12.85999,80.04,-62.0
12.85999,80.06,-66.8
12.85999,80.08,-59.5
12.85999,80.1,-59.4
12.85999,80.12,-64.9
12.85999,80.14,-73.4
12.85999,80.16,-80.8
12.85999,80.18,-85.5
12.85999,80.2,-87.0
12.85999,80.22,-88.4
12.85999,80.24,-80.0
12.85999,80.26,-127.6
12.85999,80.28,-369.0
12.85999,80.3,-268.2
12.85999,80.32,-338.8
12.83999,80.0,-54.7
12.83999,80.02,-56.1
12.83999,80.04,-52.0
12.83999,80.06,-48.7
12.83999,80.08,-61.7
12.83999,80.1,-51.4
12.83999,80.12,-57.5
12.83999,80.14,-58.8
12.83999,80.16,-76.0
12.83999,80.18,-80.6
12.83999,80.2,-83.3
12.83999,80.22,-87.8
12.83999,80.24,-83.3
12.83999,80.26,-185.1
12.83999,80.28,-358.0
12.83999,80.3,-286.1
12.83999,80.34,-355.8
12.83999,80.36,-349.9
12.81999,80.0,-44.7
12.81999,80.02,-49.1
12.81999,80.04,-47.5
12.81999,80.06,-41.3
12.81999,80.08,-57.4
12.81999,80.1,-50.9
12.81999,80.12,11.3
12.81999,80.14,-66.7
12.81999,80.16,-73.5
12.81999,80.18,-72.9
12.81999,80.2,-84.7
12.81999,80.22,-85.2
12.81999,80.24,-84.7
12.81999,80.26,-194.9
12.81999,80.28,-273.2
12.81999,80.32,-323.9
12.81999,80.34,-337.8
12.81999,80.36,-280.2
12.81999,80.38,-333.0
12.79999,80.0,-35.9
12.79999,80.02,-41.0
12.79999,80.04,-41.3
12.79999,80.06,-45.9
12.79999,80.08,-47.7
12.79999,80.1,-42.8
12.79999,80.12,-49.1
12.79999,80.14,-70.6
12.79999,80.16,-77.5
12.79999,80.18,-76.8
12.79999,80.2,-79.2
12.79999,80.22,-83.0
12.79999,80.24,-88.3
12.79999,80.26,-188.6
12.79999,80.28,-285.8
12.79999,80.3,-380.6
12.79999,80.32,-365.8
12.79999,80.34,-283.1
12.79999,80.36,-337.3
12.77999,80.0,-45.1
12.77999,80.02,-39.6
12.77999,80.04,-36.7
12.77999,80.06,-45.8
12.77999,80.08,-53.2
12.77999,80.1,-52.9
12.77999,80.12,-59.2
12.77999,80.14,-72.5
12.77999,80.16,-79.6
12.77999,80.18,-83.8
12.77999,80.2,-85.3
12.77999,80.22,-89.7
12.77999,80.24,-88.7
12.77999,80.26,-93.3
12.77999,80.28,-254.9
12.77999,80.36,-263.6
12.75999,80.0,-47.3
12.75999,80.02,-41.0
12.75999,80.04,-40.6
12.75999,80.06,-48.3
12.75999,80.08,-55.5
12.75999,80.1,-39.3
12.75999,80.12,-69.0
12.75999,80.14,-75.1
12.75999,80.16,-79.6
12.75999,80.18,-84.4
12.75999,80.2,-87.8
12.75999,80.22,-89.7
12.75999,80.24,-87.0
12.75999,80.26,-195.4
12.75999,80.36,-396.0
12.73999,80.0,-41.6
12.73999,80.02,-40.6
12.73999,80.04,-37.3
12.73999,80.06,-46.7
12.73999,80.08,-43.0
12.73999,80.1,-62.5
12.73999,80.12,-66.9
12.73999,80.14,-72.1
12.73999,80.16,-80.2
12.73999,80.18,-80.0
12.73999,80.2,-86.4
12.73999,80.22,-88.0
12.73999,80.24,-86.6
12.73999,80.26,-136.2
12.73999,80.28,-171.7
12.71999,80.0,-51.8
12.71999,80.02,-43.9
12.71999,80.04,8.0
12.71999,80.06,-47.2
12.71999,80.08,-56.1
12.71999,80.1,-66.2
12.71999,80.12,-63.0
12.71999,80.14,-71.2
12.71999,80.16,-75.5
12.71999,80.18,-79.2
12.71999,80.2,-88.2
12.71999,80.22,-88.3
12.71999,80.24,-96.6
12.71999,80.26,-251.3
12.71999,80.28,-283.5
12.71999,80.36,-80.0
12.69999,80.0,-51.2
12.69999,80.02,-35.9
12.69999,80.04,-42.0
12.69999,80.06,-56.6
12.69999,80.08,-64.7
12.69999,80.1,-69.3
12.69999,80.12,-72.1
12.69999,80.14,-78.7
12.69999,80.16,-77.0
12.69999,80.18,-80.4
12.69999,80.2,-84.0
12.69999,80.22,-87.5
12.69999,80.24,-288.9
12.69999,80.3,-358.1
12.69999,80.32,-321.3
12.67999,80.0,-43.3
12.67999,80.02,-36.3
12.67999,80.04,-3.4
12.67999,80.06,-62.2
12.67999,80.08,-68.7
12.67999,80.1,-72.5
12.67999,80.12,-69.8
12.67999,80.14,-82.0
12.67999,80.16,-83.0
12.67999,80.18,-87.8
12.67999,80.2,-87.9
12.67999,80.22,-102.4
12.67999,80.24,-190.7
12.67999,80.32,-329.5
12.67999,80.34,-71.3
12.65999,80.0,-40.2
12.65999,80.02,-45.5
12.65999,80.04,-24.3
12.65999,80.06,-63.9
12.65999,80.08,-65.1
12.65999,80.1,-73.6
12.65999,80.12,-79.0
12.65999,80.14,-83.9
12.65999,80.16,-87.1
12.65999,80.18,-88.6
12.65999,80.2,-88.3
12.65999,80.22,-99.2
12.65999,80.24,-166.9
12.65999,80.26,-242.3
12.65999,80.28,-353.3
12.65999,80.3,-376.7
12.65999,80.32,-317.5
12.65999,80.34,-232.6
12.63999,80.0,-55.1
12.63999,80.02,-34.9
12.63999,80.04,-53.3
12.63999,80.06,-56.9
12.63999,80.08,-57.4
12.63999,80.1,-73.2
12.63999,80.12,-80.5
12.63999,80.14,-80.9
12.63999,80.16,-82.0
12.63999,80.18,-88.5
12.63999,80.2,-85.5
12.63999,80.22,-162.0
12.63999,80.24,-187.4
12.63999,80.26,-289.6
12.63999,80.28,-311.3
12.63999,80.3,-354.9
12.63999,80.32,-358.7
12.63999,80.34,-323.4
12.61999,80.0,-59.9
12.61999,80.02,-49.0
12.61999,80.04,-25.4
12.61999,80.06,-11.8
12.61999,80.08,-60.3
12.61999,80.1,-70.4
12.61999,80.12,-77.2
12.61999,80.14,-73.7
12.61999,80.16,-80.0
12.61999,80.18,-85.4
12.61999,80.2,-175.0
12.61999,80.22,-221.4
12.61999,80.24,-386.2
12.61999,80.26,-353.6
12.61999,80.28,-364.6
12.59999,80.0,-65.6
12.59999,80.02,-58.3
12.59999,80.04,-59.6
12.59999,80.06,-56.7
12.59999,80.08,-67.4
12.59999,80.1,-73.6
12.59999,80.12,-67.9
12.59999,80.14,-80.4
12.59999,80.16,-88.8
12.59999,80.18,-88.0
12.59999,80.2,-159.6
12.59999,80.22,-278.1
12.59999,80.24,-374.2
12.59999,80.26,-397.2
12.57999,80.0,-69.6
12.57999,80.02,-66.7
12.57999,80.04,-66.7
12.57999,80.06,-67.4
12.57999,80.08,-71.1
12.57999,80.1,-78.2
12.57999,80.12,-75.0
12.57999,80.14,-78.7
12.57999,80.16,-86.4
12.57999,80.18,-87.3
12.57999,80.2,-322.8
12.57999,80.22,-355.4
12.55999,80.0,-73.3
12.55999,80.02,-74.4
12.55999,80.04,-76.3
12.55999,80.06,-77.1
12.55999,80.08,-70.9
12.55999,80.1,-82.9
12.55999,80.12,-78.1
12.55999,80.14,-83.5
12.55999,80.16,-88.2
12.55999,80.18,-87.2
12.55999,80.2,-132.3
12.55999,80.32,-277.9
12.53999,80.0,-77.5
12.53999,80.02,-75.8
12.53999,80.04,-77.6
12.53999,80.06,-81.3
12.53999,80.08,-82.0
12.53999,80.1,-85.9
12.53999,80.12,-87.0
12.53999,80.14,-87.3
12.53999,80.16,-87.5
12.53999,80.18,-57.1
12.53999,80.2,-241.2
12.53999,80.22,-392.0
12.51999,80.0,-72.8
12.51999,80.02,-80.4
12.51999,80.04,-78.6
12.51999,80.06,-84.2
12.51999,80.08,-82.0
12.51999,80.1,-83.8
12.51999,80.12,-84.5
12.51999,80.14,-86.8
12.51999,80.16,-83.2
12.51999,80.18,-109.8
12.51999,80.2,-258.4
12.51999,80.24,-356.1
12.49999,80.0,-74.0
12.49999,80.02,-75.8
12.49999,80.04,-77.8
12.49999,80.06,-82.8
12.49999,80.08,-85.7
12.49999,80.1,-81.7
12.49999,80.12,-85.0
12.49999,80.14,-87.0
12.49999,80.16,-86.0
12.49999,80.18,-78.7
12.49999,80.2,-190.3
12.49999,80.22,-341.4
12.49999,80.24,-323.4
12.49999,80.26,-375.7
12.49999,80.28,-364.5
12.49999,80.3,-314.9
12.47999,80.0,-63.2
12.47999,80.02,-74.9
12.47999,80.04,-75.3
12.47999,80.06,-80.6
12.47999,80.08,-83.5
12.47999,80.1,-82.0
12.47999,80.12,-88.3
12.47999,80.14,-88.8
12.47999,80.16,-45.0
12.47999,80.18,-263.1
12.47999,80.22,-367.2
12.47999,80.24,-376.3
12.47999,80.26,-364.1
12.47999,80.3,-375.4
12.45999,80.0,-65.1
12.45999,80.02,-66.1
12.45999,80.04,-69.9
12.45999,80.06,-79.4
12.45999,80.08,-82.5
12.45999,80.1,-81.5
12.45999,80.12,-87.7
12.45999,80.14,-88.7
12.45999,80.16,-20.9
12.45999,80.18,-160.2
12.45999,80.3,-363.8
12.43999,80.0,-67.2
12.43999,80.02,-62.2
12.43999,80.04,-67.9
12.43999,80.06,-75.9
12.43999,80.08,-79.7
12.43999,80.1,-87.4
12.43999,80.12,-87.7
12.43999,80.14,-82.4
12.43999,80.16,60.0
12.43999,80.18,-130.0
12.41999,80.0,-75.8
12.41999,80.02,-76.4
12.41999,80.04,-71.8
12.41999,80.06,-77.6
12.41999,80.08,-86.0
12.41999,80.1,-87.3
12.41999,80.12,-84.9
12.41999,80.14,-72.1
12.41999,80.16,-243.1
12.41999,80.18,-280.0
12.41999,80.2,-376.0
12.39999,80.0,-77.2
12.39999,80.02,-84.4
12.39999,80.04,-79.4
12.39999,80.06,-83.9
12.39999,80.08,-87.9
12.39999,80.1,-84.8
12.39999,80.12,640.9
12.39999,80.14,-69.2
12.39999,80.16,-383.3
12.39999,80.18,-254.7
12.39999,80.2,-387.8
12.39999,80.28,-372.0
12.37999,80.0,-76.6
12.37999,80.02,-87.6
12.37999,80.04,-85.2
12.37999,80.06,-83.1
12.37999,80.08,-87.7
12.37999,80.1,-68.8
12.37999,80.12,-212.0
12.37999,80.18,-383.6
12.37999,80.28,-316.3
12.35999,80.0,-83.5
12.35999,80.02,-82.9
12.35999,80.04,-91.0
12.35999,80.06,-88.1
12.35999,80.08,-39.1
12.35999,80.1,-144.7
12.35999,80.12,-185.8
12.35999,80.14,-179.6
12.35999,80.16,-259.0
12.35999,80.18,-358.4
12.35999,80.2,-369.9
12.35999,80.28,-230.1
12.33999,80.0,-88.6
12.33999,80.02,-89.8
12.33999,80.04,-88.7
12.33999,80.06,-85.6
12.33999,80.08,-88.3
12.33999,80.1,-51.5
12.33999,80.12,-164.0
12.33999,80.14,-81.7
12.33999,80.18,-205.4
12.33999,80.2,-264.1
12.33999,80.22,-366.1
12.33999,80.24,-357.5
12.33999,80.26,-333.5
12.33999,80.28,-68.8
12.31999,80.0,-88.9
12.31999,80.02,-81.5
12.31999,80.04,-84.8
12.31999,80.06,-73.3
12.31999,80.08,-126.3
12.31999,80.1,-114.0
12.31999,80.12,-193.4
12.31999,80.14,-271.9
12.31999,80.16,-329.8
12.31999,80.18,-215.7
12.31999,80.2,-279.3
12.31999,80.22,-246.1
12.31999,80.24,-110.3
12.31999,80.26,-362.5
12.29999,80.0,-82.9
12.29999,80.02,-84.6
12.29999,80.04,-109.7
12.29999,80.06,-177.8
12.29999,80.08,-124.0
12.29999,80.1,-54.2
12.29999,80.12,-132.1
12.29999,80.14,-170.9
12.29999,80.16,-158.0
12.29999,80.18,-100.9
12.29999,80.2,-31.7
12.29999,80.22,-74.9
12.29999,80.24,102.4
12.29999,80.26,-126.0
12.27999,80.0,-85.8
12.27999,80.02,-87.3
12.27999,80.04,-206.4
12.27999,80.06,-3.0
12.27999,80.08,104.3
12.27999,80.1,-150.4
12.27999,80.12,-102.2
12.27999,80.14,-162.4
12.27999,80.16,-265.8
12.27999,80.18,-255.4
12.27999,80.2,-91.4
12.27999,80.22,-31.5
12.27999,80.24,-153.7
12.27999,80.26,-227.4
12.25999,80.0,-89.9
12.25999,80.02,-97.0
12.25999,80.04,-114.3
12.25999,80.1,45.3
12.25999,80.12,-3.4
12.25999,80.14,-9.1
12.25999,80.16,-84.5
12.25999,80.18,-82.2
12.25999,80.2,-8.9
12.25999,80.22,-70.0
12.25999,80.24,-96.7
12.25999,80.26,92.6
12.23999,80.0,-98.0
12.23999,80.02,-124.4
12.23999,80.04,-168.1
12.23999,80.2,43.4
12.23999,80.22,32.7
12.23999,80.24,49.1
12.21999,80.0,-218.1
12.21999,80.02,-296.4
12.19999,80.0,-164.8
12.17999,80.0,-308.9
12.13999,80.0,-389.8
12.05999,80.0,-385.0
12.03999,80.0,-225.8
12.01999,80.0,-199.4
